,x,y,Smiles,MAE
0,-1.6476243,2.7109892,[H][C@@](O[C@@H]1O[C@H](CO)[C@H](O)[C@]([H])(O[C@@H]2O[C@H](CO)[C@@H](O[C@]3([H])O[C@@H](C)[C@@H](O)[C@@H](O)[C@@H]3O)[C@H](O[C@]3([H])O[C@H](CO)[C@H](O)[C@H](O)[C@H]3O)[C@H]2NC(C)=O)[C@H]1O)([C@H](O)CO)[C@]([H])(O[C@@H]1O[C@@H](C)[C@@H](O)[C@@H](O)[C@@H]1O)[C@H](O)C=O,42.835617
1,-1.6065198,2.746017,C[C@@H]1O[C@@H](O[C@H](CO)[C@@H](O[C@H]2O[C@H](CO)[C@H](O)[C@H](O)[C@H]2O[C@@H]2O[C@@H](C)[C@@H](O)[C@@H](O)[C@@H]2O)[C@H](O[C@H]2O[C@H](CO)[C@@H](O)[C@H](O)[C@H]2NC(C)=O)[C@@H](O[C@H]2O[C@H](CO)[C@H](O)[C@H](O)[C@H]2O)C=O)[C@@H](O)[C@H](O)[C@@H]1O,76.20917
2,-1.5403919,2.613826,CC(=O)N[C@@H]1[C@@H](O)C[C@@](O[C@H]2[C@@H](O)[C@@H](CO)O[C@@H](OC3[C@H](O)[C@@H](CO)O[C@@H](OC4[C@@H](O)[C@@H](CO)O[C@@H](O[C@H]([C@H](O)CO)[C@H](O)[C@@H](O)C=O)[C@@H]4O)[C@@H]3NC(C)=O)[C@@H]2O)(OC1[C@H](O)[C@H](O)CO)C(O)=O,144.18175
3,-1.5602355,2.6062481,CC(=O)N[C@@H]1[C@@H](O)[C@H](O[C@@H]2OC(CO[C@@]3(C[C@H](O)[C@@H](NC(C)=O)[C@@H](O3)[C@H](O)[C@H](O)CO)C(O)=O)[C@H](O)[C@H](O)[C@H]2O)[C@@H](CO)O[C@H]1O[C@H]1[C@@H](O)[C@@H](CO)O[C@@H](O[C@H]([C@H](O)CO)[C@H](O)[C@@H](O)C=O)[C@@H]1O,19.25026
4,-1.5982987,2.604706,CC(=O)N[C@@H]1[C@@H](O)[C@H](O[C@@H]2O[C@H](CO)[C@H](O)C(O[C@@]3(C[C@H](O)[C@@H](NC(C)=O)[C@@H](O3)[C@H](O)[C@H](O)CO)C(O)=O)[C@H]2O)[C@@H](CO)O[C@H]1O[C@H]1[C@@H](O)[C@@H](CO)O[C@@H](O[C@H]([C@H](O)CO)[C@H](O)[C@@H](O)C=O)[C@@H]1O,40.23224
5,-0.9639545,2.8009973,CC(=O)NC1C(O)C(OC2OC(COC3(CC(O)C(NC(C)=O)C(O3)C(O)C(O)CO)C(O)=O)C(O)C(O)C2O)C(CO)OC1OC1C(O)C(CO)OC(OC(C(O)CO)C(O)C(O)C=O)C1O,54.836212
6,-1.6226228,2.6038454,CC(=O)N[C@@H]1[C@@H](O)C[C@@](OC[C@H]2O[C@@H](O[C@H]3[C@@H](O)[C@@H](CO)O[C@@H](O[C@H]([C@H](O)CO)[C@H](O)[C@@H](O)C=O)[C@@H]3O)[C@H](NC(C)=O)[C@@H](O[C@@H]3O[C@H](CO)[C@H](O)[C@H](O)[C@H]3O)[C@@H]2O)(O[C@H]1[C@H](O)[C@H](O)CO)C(O)=O,45.56685
7,-1.581607,2.7662175,C[C@@H]1O[C@@H](O[C@H]([C@@H](O)C=O)[C@H](O[C@@H]2C[C@H](CO)[C@H](OC3O[C@@H](C)[C@@H](O)[C@@H](O)[C@@H]3O)[C@H](O[C@@H]3O[C@H](CO)[C@@H](O)[C@H](O[C@@H]4O[C@H](CO)[C@@H](O)[C@H](O)[C@H]4O)[C@H]3NC(C)=O)[C@H]2O)[C@H](O)CO)[C@@H](O)[C@H](O)[C@@H]1O,60.01381
8,-1.211417,0.2982761,NC1=C2N=CN([C@@H]3O[C@H](COP(O)(=O)OP(O)(=O)OP(O)(=O)OP(O)(=O)OP(O)(=O)OP(O)(=O)OC[C@H]4O[C@H]([C@H](O)[C@@H]4O)N4C=NC5=C(N)N=CN=C45)[C@@H](O)[C@H]3O)C2=NC=N1,26.897953
9,0.34868205,1.3917998,CS(=O)(=O)CCC(N)C(=O)NC(CCC(O)=O)C(=O)NC(CC1=CN=CN1)C(=O)NC(CC1=CC=CC=C1)C(=O)NC(CCCCN)C(=O)NC(CC1=CC=CC=C1)C(=O)NCCCCCCCCN,229.28662
10,0.13732433,1.8564266,CC(C)CC1NC(=O)C(C)NC(=O)C(=C)N(C)C(=O)CCC(N(C)C(=O)C(C)C(NC(=O)C(CCCN=C(N)N)NC(=O)C(C)C(NC1=O)C(O)=O)C=CC(C)=CC(C)C(O)CC1=CC=CC=C1)C(O)=O,679.37976
11,0.13188338,1.8553036,COC(CC1=CC=CC=C1)C(C)C=C(C)C=CC1NC(=O)C(CCCN=C(N)N)NC(=O)C(C)C(NC(=O)C(CC(C)C)NC(=O)C(C)NC(=O)C(=C)N(C)C(=O)CCC(NC(=O)C1C)C(O)=O)C(O)=O,620.3852
12,-1.0933081,2.2580478,COC1=CC(\C=C\C(=O)OCC2OC(OC3C(OC4C(OC5=C(OC6=CC(O)=CC(O)=C6C5=O)C5=CC(O)=C(O)C=C5)OC(CO)C(O)C4O)OC(CO)C(O)C3O)C(O)C(O)C2O)=CC(OC)=C1O,55.247017
13,0.34184256,1.4475839,CCCC(NC(=O)C(NC(=O)C(NC(=O)C(NC(=O)CNC(=O)CN(C)C(C)=O)C(C)C)C(C)CC)C(C)O)C(=O)NC(C(C)CC)C(=O)NC(CCCN=C(N)N)C(=O)N1CCCC1C(=O)NCC,648.495
14,0.06045866,1.4238601,CCOC1=CC=C(CC2NC(=O)CCSSCC(NC(=O)C(CC(N)=O)NC(=O)C(NC(=O)C(NC2=O)C(C)CC)C(C)O)C(=O)N2CCCC2C(=O)NC(CCCN)C(=O)NCC(N)=O)C=C1,541.3468
15,-0.18132302,0.70930064,CCCCCCCCCCC[C@H](O)CC(=O)SCCNC(=O)CCNC(=O)C(O)C(C)(C)COP(O)(=O)OP(O)(=O)OC[C@H]1O[C@H]([C@H](O)[C@@H]1OP(O)(O)=O)N1C=NC2=C(N)N=CN=C12,332.1834
16,0.08720111,1.4844408,CCC(C)C1NC(=O)C(CC2=CC=CC=C2)NC(=O)C(N)CSSCC(NC(=O)C(CC(N)=O)NC(=O)C(CCC(N)=O)NC1=O)C(=O)N1CCCC1C(=O)NC(CCCN)C(=O)NCC(N)=O,404.90747
17,0.24178506,1.4574268,CCC(C)C(NC(=O)C(CC1=CC=CC=C1)NC(=O)C(N)C=S)C(=O)NC(CCC(N)=O)C(=O)NC(CC(N)=O)C(=O)NC(CS)C(=O)N1CCCC1C(=O)NC(CCCN)C(=O)NCC(N)=O,217.46619
18,0.16369538,1.3755097,CCC(C)C(NC(=O)CNC(=O)C(CCC(N)=O)NC(=O)C1CCCN1C1=C(C=C(C=C1)[N+]([O-])=O)[N+]([O-])=O)C(=O)NC(C)C(=O)NCC(=O)NC(CCC(N)=O)C(=O)NC(CCCN=C(N)N)C(O)=O,303.71094
19,0.16487795,1.3888139,CCC(C)C(NC(=O)CNC(=O)C(CCC([NH3+])=O)NC(=O)C1CCCN1C1=C(C=C(C=C1)[N+]([O-])=O)[N+]([O-])=O)C(=O)NC(C)C(=O)NCC(=O)NC(CCC([NH3+])=O)C(=O)NC(CCCN=C([NH-])[NH-])C(O)=O,400.39722
20,-0.15749708,0.70318323,CCC(C)CCCCCCCCCCC(=O)SCCNC(=O)CCNC(=O)[C@H](O)C(C)(C)COP(O)(=O)OP(O)(=O)OC[C@H]1O[C@H]([C@H](O)[C@@H]1OP(O)(O)=O)N1C=NC2=C1N=CN=C2N,272.50116
21,-0.104828924,0.7074177,CC(C)CCCCCCCCCCCC(=O)SCCNC(=O)CCNC(=O)[C@H](O)C(C)(C)COP(O)(=O)OP(O)(=O)OC[C@H]1O[C@H]([C@H](O)[C@@H]1OP(O)(O)=O)N1C=NC2=C1N=CN=C2N,166.04681
22,-0.050458677,0.6066179,CCCCCCCCCCCCCCC(=O)SCCN=C(O)CCN=C(O)[C@@H](O)C(C)(C)COP(O)(=O)OP(O)(=O)OC[C@@H]1O[C@@H]([C@@H](O)[C@H]1OP(O)(O)=O)N1C=NC2=C(N)N=CN=C12,627.9871
23,-0.3020937,0.8781692,CCCCCC=CCCCCC(O)CC(=O)SCCNC(=O)CCNC(=O)C(O)C(C)(C)COP(O)(=O)OP(O)(=O)OCC1OC(C(O)C1OP(O)(O)=O)N1C=NC2=C1N=CN=C2N,58.462646
24,-0.23089224,0.72735286,CCCCCCCCCCCC(=O)CC(=O)SCCNC(=O)CCNC(=O)[C@H](O)C(C)(C)COP(O)(=O)OP(O)(=O)OC[C@H]1O[C@H]([C@H](O)[C@@H]1OP(O)(O)=O)N1C=NC2=C1N=CN=C2N,370.85168
25,-1.0551598,2.952062,OCC1OC(OC2C(O)C(CO)OC(OC3C(O)C(O)OC(COC4OC(CO)C(O)C(OC5OC(CO)C(O)C(OC6OC(CO)C(O)C(O)C6O)C5O)C4O)C3O)C2O)C(O)C(O)C1O,70.67323
26,-1.628588,2.7968361,OC[C@H]1O[C@H](O[C@H]2[C@H](O)[C@@H](O)[C@@H](O[C@H]3[C@H](O)[C@@H](O)[C@@H](O[C@H]4[C@H](O)[C@@H](O)[C@@H](O[C@H]5[C@H](O)[C@@H](O)[C@@H](O[C@H]6[C@H](O)[C@@H](O)[C@@H](O)O[C@@H]6CO)O[C@@H]5CO)O[C@@H]4CO)O[C@@H]3CO)O[C@@H]2CO)[C@H](O)[C@@H](O)[C@@H]1O,37.86473
27,-1.1657085,2.1213365,COC1=C(O)C=CC(\C=C\C(=O)OC2C(OC3C(OC4=CC(O)=C5C(=O)C=C(OC5=C4)C4=CC(O)=C(OC5OC(C(O)C(O)C5O)C(O)=O)C=C4)OC(C(O)C3O)C(O)=O)OC(C(O)C2O)C(O)=O)=C1,65.40107
28,-1.0405266,2.2458925,OCC1OC(OC2C(O)C(O)C(COC(=O)\C=C\C3=CC=C(O)C=C3)OC2OC2=CC3=C(OC4OC(COC(=O)CC(O)=O)C(O)C(O)C4O)C=C(O)C=C3[O+]=C2C2=CC=C(O)C=C2)C(O)C(O)C1O,109.41076
29,-0.4846593,2.5943866,CC(C(O)C\C(C)=C(\C)C(=O)OC1OC(COC(C)=O)C(O)C(O)C1OC1OC(CO)C(O)C(O)C1O)C1CCC2C3CC=C4CC(CC(O)C4(C)C3CCC12C)OC1OC(CO)C(O)C(O)C1O,7.6186523
30,-0.6213382,2.7298684,COC(=O)C1(C)CCC2(CCC3(C)C(=CCC4C5(C)CC(O)C(OC6OCC(OC7OC(CO)C(O)C(O)C7O)C(O)C6O)C(C)(CO)C5CCC34C)C2C1)C(=O)OC1OC(CO)C(O)C(O)C1O,154.33124
31,-0.6601116,2.8004928,CC1(C)CCC2(CCC3(C)C(=CCC4C5(C)CC(O)C(OC6OC(CO)C(O)C(OC7OC(COC8OC(CO)C(O)C(O)C8O)C(O)C(O)C7O)C6O)C(C)(C5CCC34C)C(O)=O)C2C1)C(O)=O,226.22957
32,0.18568955,1.573431,CCC(C)C1NC(=O)C(CC2=CC=C(O)C=C2)N(C)C(=O)CCCSCC(NC(=O)C(CC(N)=O)NC(=O)C(CCC(N)=O)NC1=O)C(=O)N1CCCC1C(=O)NC(CC(C)C)C(=O)NCC(N)=O,632.2974
33,0.05263642,1.5424887,[H][C@]1(NC(=O)[C@H](CC2=CC=C(OC)C=C2)NC(=O)CCCSC[C@H](NC(=O)[C@H](CC(N)=O)NC(=O)[C@H](CCC(N)=O)NC1=O)C(=O)N1CCC[C@H]1C(=O)N[C@@H](CC(C)C)C(=O)NCC(N)=O)[C@@H](C)CC,116.13248
34,-0.52954996,0.9492807,CC\C=C/C[C@@H]1C(=O)CCC1CCCC(=O)SCCNC(=O)CCNC(=O)[C@@](O)([H])C(C)(C)COP(=O)(O)OP(=O)(O)OC[C@H]1O[C@H](C(O)[C@H]1OP(=O)(O)O)N1C=NC2=C1N=CN=C2N,55.02417
35,-0.53479964,2.6372144,COC(=O)C1(C)CCC2(CCC3(C)C(=CCC4C5(C)CCC(OC6OC(C(O)C(OC7OCC(O)C(O)C7O)C6O)C(O)=O)C(C)(CO)C5CCC34C)C2C1)C(=O)OC1OC(CO)C(O)C(O)C1O,76.13223
36,-0.5656479,0.9530769,CC\C=C/C[C@@H]1C(=O)CCC1C\C=C\C(=O)SCCNC(=O)CCNC(=O)[C@@](O)([H])C(C)(C)COP(=O)(O)OP(=O)(O)OC[C@H]1O[C@H](C(O)[C@H]1OP(=O)(O)O)N1C=NC2=C1N=CN=C2N,70.959656
37,-0.24145713,2.843955,CC1OC(CC(O)C1OC1CC(O)C(OC2CC(OC(C)=O)C(OC3OC(CO)C(O)C(O)C3O)C(C)O2)C(C)O1)OC1CCC2(C)C(CCC3C2CC(O)C2(C)C(CCC32O)C2=CC(=O)OC2)C1,1060.5908
38,0.0021361217,1.4564463,[H][C@](N)(CC1=CC=C(O)C=C1)C(O)=NCC(O)=NCC(O)=N[C@@]([H])(CC1=CC=CC=C1)C(O)=N[C@@]([H])(CCSC)C(O)=N[C@@]([H])(CCCNC(N)=N)C(O)=N[C@]([H])(CCCNC(N)=N)C(O)=N[C@@]([H])(C(C)C)C(O)=N,24.440918
39,-1.4540459,2.653189,C[C@@H]1OC(O[C@@H]2[C@@H](CO)O[C@@H](O[C@H]([C@@H](O)C=O)[C@@H](O)[C@H](O)CO)[C@H](NC(C)=O)C2O[C@@H]2O[C@H](CO)[C@H](O)C(O[C@@]3(C[C@H](O)[C@@H](NC(C)=O)C(O3)C(O)[C@H](O)CO)C(O)=O)[C@H]2O)[C@@H](O)[C@H](O)[C@@H]1O,77.22023
40,-1.605076,2.5959623,C[C@@H]1O[C@@H](O[C@@H]2[C@@H](NC(C)=O)[C@H](O[C@@H]([C@@H](O)C=O)[C@@H](O)[C@H](O)CO)O[C@H](CO)[C@H]2O[C@@H]2O[C@H](CO)[C@H](O)[C@H](O[C@@]3(C[C@H](O)[C@@H](NC(C)=O)[C@@H](O3)[C@H](O)[C@H](O)CO)C(O)=O)[C@H]2O)[C@@H](O)[C@H](O)[C@@H]1O,48.93727
41,-1.0235919,0.010789884,OCC1OC(OS(O)(=O)=O)(C(OS(O)(=O)=O)C(OS(O)(=O)=O)C1OS(O)(=O)=O)C1(COS(O)(=O)=O)OC(COS(O)(=O)=O)C(OS(O)(=O)=O)C1OS(O)(=O)=O,12.650326
42,-0.5600933,2.8313637,CC(C)(O)C(O)CCC(C)(OC1OC(CO)C(O)C(O)C1O)C1CCC2(C)C1C(O)CC1C3(C)CCC(OC4OC(CO)C(O)C(O)C4OC4OC(CO)C(O)C(O)C4O)C(C)(C)C3CCC21C,230.79831
43,0.22738633,1.3583621,CC[C@H](C)[C@H](NC(=O)[C@@H](CCCNC(N)=N)NC(=O)[C@@H](CCCNC(N)=N)NC(=O)C(CC(C)C)NC(=O)[C@@H](CC1=CC=CC=C1)NC(=O)CNC(=O)CNC(=O)[C@@H](N)CC1=CC=C(O)C=C1)C(O)=O,179.3374
44,0.124970384,1.5354928,CCC(C)C1NC(=O)C(CC2=CC=C(O)C=C2)NC(=O)C(N)CSSCC(NC(=O)C(CC(N)=O)NC(=O)C(NC1=O)C(C)O)C(=O)N1CCCC1C(=O)NC(CC(C)C)C(=O)NCC(N)=O,474.49683
45,-0.9339538,0.92672426,CC(C)=CCCC(O)(CC(O)=O)CC(=O)SCCN=C(O)CCN=C(O)[C@H](O)C(C)(C)COP(O)(=O)OP(O)(=O)OC[C@H]1O[C@H]([C@H](O)[C@@H]1OP(O)(O)=O)N1C=NC2=C(N)N=CN=C12,82.34124
46,-0.47140092,2.7319207,CC(=C)C(CCC(C)(OC1OC(CO)C(O)C(O)C1O)C1CCC2(C)C1C(O)CC1C3(C)CCC(OC4OC(CO)C(O)C(O)C4OC4OC(CO)C(O)C(O)C4O)C(C)(C)C3CCC21C)OO,82.2511
47,-0.5632115,2.8471882,CC(C)(OO)\C=C\CC(C)(OC1OC(CO)C(O)C(O)C1O)C1CCC2(C)C1C(O)CC1C3(C)CCC(OC4OC(CO)C(O)C(O)C4OC4OC(CO)C(O)C(O)C4O)C(C)(C)C3CCC21C,283.09293
48,-0.41878703,2.6152687,CC(C)=CC1COC23CC4(CO2)C(CCC2C5(C)CCC(OC6OCC(O)C(OC7OC(COS(O)(=O)=O)C(O)C(O)C7O)C6OC6OC(CO)C(O)C6O)C(C)(C)C5CCC42C)C3C1(C)O,27.915833
49,-1.0922678,2.2054293,COC1=C(O)C=CC(\C=C\C(=O)OC2C(OC3C(O)C(O)C(CO)OC3OC3=C(OC4=C(C(O)=C(OC)C(O)=C4)C3=O)C3=CC(OC)=C(O)C=C3)OCC(O)C2OC2OC(CO)C(O)C(O)C2O)=C1,43.878098
50,-1.0925905,2.231899,COC1=CC(\C=C\C(=O)OC2C(OC3=C(OC4=CC(OC5OC(CO)C(O)C(O)C5OC5OC(CO)C(O)C(O)C5O)=CC(O)=C4C3=O)C3=CC=C(O)C=C3)OC(CO)C(O)C2O)=CC(OC)=C1O,61.00181
51,-1.3771688,1.8861055,COC1=CC(=CC=C1O)C1=C(O[C@@H]2OC(CO[C@@H]3O[C@@H](CO)[C@@H](O)[C@H](O)[C@H]3OC(=O)\C=C\C3=CC(OC)=C(O)C=C3)[C@@H](O)[C@H](O)[C@H]2O[C@@H]2OC[C@](O)(CO)[C@H]2O)C(=O)C2=C(O)C(OC)=C(O)C=C2O1,46.510857
52,-1.0914136,2.234653,COC1=CC(\C=C\C(=O)OC2C(OC3C(OC4=C(OC5=CC(OC6OC(CO)C(O)C(O)C6O)=CC(O)=C5C4=O)C4=CC=C(O)C=C4)OC(CO)C(O)C3O)OC(CO)C(O)C2O)=CC(OC)=C1O,79.742905
53,-1.5840881,2.096666,COC1=CC(\C=C\C(=O)OC[C@H]2O[C@H](OC3=C(OC4=CC(O[C@@H]5O[C@H](CO)[C@@H](O)[C@H](O)[C@H]5O)=CC(O)=C4C3=O)C3=CC=C(O)C=C3)[C@H](O[C@@H]3O[C@H](CO)[C@@H](O)[C@H](O)[C@H]3O)[C@@H](O)[C@@H]2O)=CC(OC)=C1O,15.091469
54,-0.16571836,0.7224889,CC(C)CCCCCCCCCCC(=O)SCCNC(=O)CCNC(=O)[C@H](O)C(C)(C)COP(O)(=O)OP(O)(=O)OC[C@H]1O[C@H]([C@H](O)[C@@H]1OP(O)(O)=O)N1C=NC2=C1N=CN=C2N,136.67218
55,-0.061595455,0.6287089,CCCCCCCCCCCCCC(=O)SCCNC(=O)CCNC(=O)C(O)C(C)(C)COP(O)(=O)OP(O)(=O)OC[C@H]1O[C@H]([C@H](O)[C@@H]1OP(O)(O)=O)N1C=NC2=C1N=CN=C2N,451.8797
56,-0.19708492,0.9430699,CC(C)CCCC(C)CCCC(C)C(=O)SCCNC(=O)CCNC(=O)C(O)C(C)(C)COP(O)(=O)OP(O)(=O)OCC1OC(C(O)C1OP(O)(O)=O)N1C=NC2=C1N=CN=C2N,100.967224
57,-0.6067318,2.7421405,CC1OC(OC2C(COC3OC(CO)C(O)C(O)C3O)OC(OC3CCC4C(=CCC5C6(C)CC(O)C(C(C)(O)C(O)CCC(C)(C)O)C6(C)CC(=O)C45C)C3(C)C)C(O)C2O)C(O)C(O)C1O,72.34338
58,-0.3273361,0.81669766,[H]\C(CCCCCCCC)=C(/[H])CCCC(=O)SCCN=C(O)CCN=C(O)[C@]([H])(O)C(C)(C)COP(O)(=O)OP(O)(=O)OC[C@@]1([H])O[C@@]([H])(N2C=NC3=C(N)N=CN=C23)[C@]([H])(O)[C@]1([H])OP(O)(O)=O,293.54303
59,-0.3442959,0.95566505,CC(C)CCCC(C)CCC=C(C)C(=O)SCCNC(=O)CCNC(=O)C(O)C(C)(C)COP(O)(=O)OP(O)(=O)OCC1OC(C(O)C1OP(O)(O)=O)N1C=NC2=C1N=CN=C2N,71.5798
60,-0.30445457,0.77190936,CCCC\C=C/CCCCCCCC(=O)SCCNC(=O)CCNC(=O)[C@H](O)C(C)(C)COP(O)(=O)OP(O)(=O)OC[C@H]1O[C@H]([C@H](O)[C@@H]1OP(O)(O)=O)N1C=NC2=C1N=CN=C2N,15.998413
61,-0.17362404,0.651128,CCCCCCCCCCC\C=C\C(=O)SCCNC(=O)CCNC(=O)C(O)C(C)(C)COP(O)(=O)OP(O)(=O)OC[C@H]1O[C@H]([C@H](O)[C@@H]1OP(O)(O)=O)N1C=NC2=C1N=CN=C2N,503.2138
62,-0.6545295,2.9521601,CC1OC(OC2C(O)C(O)C(OCC3OC(OC(=O)C45CCC(C)(C)CC4C4=CCC6C7(C)CC(O)C(O)C(C)(CO)C7C(O)CC6(C)C4(C)CC5)C(O)C(O)C3O)OC2CO)C(O)C(O)C1O,115.05635
63,-0.5070332,2.940543,CC1CCC2(CCC3(C)C(=CCC4C5(C)CC(O)C(O)C(C)(CO)C5C(O)CC34C)C2C1C)C(=O)OC1OC(COC2OC(CO)C(OC3OC(C)C(O)C(O)C3O)C(O)C2O)C(O)C(O)C1O,292.30884
64,-0.85412407,2.2166953,COC1=C(O)C=CC(CC(COC2OC(COC(=O)CC(C)(O)CC(O)=O)C(O)C(O)C2O)C(COC2OC(COC(=O)CC(C)(O)CC(O)=O)C(O)C(O)C2O)CC2=CC(OC)=C(O)C=C2)=C1,168.10498
65,-1.1346972,2.126446,COC1=C(O)C=CC(\C=C\C(=O)OC2C(OC3C(OC4=CC(O)=C5C(=O)C=C(OC5=C4)C4=CC=C(OC5OC(C(O)C(O)C5O)C(O)=O)C=C4)OC(C(O)C3O)C(O)=O)OC(C(O)C2O)C(O)=O)=C1,44.30275
66,-1.1346965,2.1264462,COC1=C(O)C=CC(\C=C\C(=O)OC2C(OC3C(OC4=CC=C(C=C4)C4=CC(=O)C5=C(O)C=C(OC6OC(C(O)C(O)C6O)C(O)=O)C=C5O4)OC(C(O)C3O)C(O)=O)OC(C(O)C2O)C(O)=O)=C1,60.302757
67,-0.28844038,0.89204437,CCCCC\C=C/C\C=C/CCCC(=O)SCCNC(=O)CCNC(=O)C(O)C(C)(C)COP(O)(=O)OP(O)(=O)OCC1OC(C(O)C1OP(O)(O)=O)N1C=NC2=C1N=CN=C2N,5.852417
68,-0.76922905,0.8821947,CC(C)(COP(O)(=O)OP(O)(=O)OC[C@H]1O[C@H]([C@H](O)[C@@H]1OP(O)(O)=O)N1C=NC2=C1N=CN=C2N)C(O)C(=O)NCCC(=O)NCCSC(=O)C(CC(O)=O)C(O)C1=CC=CC=C1,127.938034
69,-0.5954143,2.765468,CC1(C)CCC2(CCC3(C)C(=CCC4C5(C)CCC(OC6OC(CO)C(O)C(O)C6O)C(C)(C5CCC34C)C(O)=O)C2C1)C(=O)OC1OC(COC2OC(CO)C(O)C(O)C2O)C(O)C(O)C1O,208.22171
70,-0.5238229,2.7952168,CC1OC(OC2C(O)C(OC3C(O)CC4(C)C(CCC5(C)C4CC=C4C6CC(C)(C)CCC6(CCC54C)C(=O)OC4OC(CO)C(O)C(O)C4O)C3(C)CO)OC(C2O)C(O)=O)C(O)C(O)C1O,136.2681
71,-0.6540943,2.8174932,CC1(C)CCC2(C(O)CC3(C)C(=CCC4C5(C)CCC(OC6OC(C(O)C(OC7OC(CO)C(O)C(O)C7O)C6O)C(O)=O)C(C)(C)C5CCC34C)C2C1)C(=O)OC1OC(CO)C(O)C(O)C1O,104.195404
72,-1.1539457,3.077117,OCC1OC2OC3C(CO)OC(OC4C(CO)OC(OC5C(CO)OC(OC6C(CO)OC(OC7C(CO)OC(OC1C(O)C2O)C(O)C7O)C(O)C6O)C(O)C5O)C(O)C4O)C(O)C3O,389.12506
73,-0.31584477,0.8703548,CCCCCC=CCC=CC=CCC(=O)SCCNC(=O)CCNC(=O)C(O)C(C)(C)COP(O)(=O)OP(O)(=O)OCC1OC(C(O)C1OP(O)(O)=O)N1C=NC2=C1N=CN=C2N,145.92725
74,0.28901082,1.5404496,COC(=O)C(CC(C)C)NC(=O)C(CC1C=NC=N1)NC(=O)CNC(=O)C(NC(=O)C(C)NC(=O)C(CC1=CNC2=CC=CC=C12)NC(=O)C(CCC(N)=O)NC(=O)C(N)CC1=CC=CC=C1)C(C)C,196.22333
75,0.23955517,1.5592575,CCC(C)C(NC(=O)C(CC1=CC=C(O)C=C1)NC(=O)C(NC(=O)C(CCCN=C(N)N)NC(=O)C(N)CC(O)=O)C(C)C)C(=O)NC(CC1=CN=CN1)C(=O)N1CCCC1C(=O)NC(C)C(O)=O,333.3078
76,0.30602044,1.6779008,CC(C)CC(NC(=O)C(CC(N)=O)NC(=O)C1CCCN1C(=O)C(N)C(C)C)C(=O)N1CCCC1C(=O)NC(CCC(N)=O)C(=O)NC(CCCN=C(N)N)C(=O)NC(CC1=CC=CC=C1)C(N)=O,352.87817
77,-1.0328159,0.017429642,OS(=O)(=O)OCC1OC(OC2(COS(O)(=O)=O)OC(OS(O)(=O)=O)C(OS(O)(=O)=O)C2OS(O)(=O)=O)C(OS(O)(=O)=O)C(OS(O)(=O)=O)C1OS(O)(=O)=O,13.356216
78,-1.4834125,2.7641172,[H][C@]1(O)[C@]([H])(O)[C@@]([H])(CO)O[C@@]([H])(OC(=O)[C@]2(C)CCC[C@@]3(C)[C@]4([H])CC[C@@]5(C[C@]4(CC5=C)CC[C@]23[H])O[C@]2([H])O[C@]([H])(CO)[C@@]([H])(O)[C@]([H])(O[C@]3([H])O[C@]([H])(CO)[C@@]([H])(O)[C@]([H])(O)[C@@]3([H])O)[C@@]2([H])O[C@]2([H])O[C@]([H])(CO)[C@@]([H])(O)[C@]([H])(O)[C@@]2([H])O)[C@]1([H])O,115.36096
79,-0.752054,2.7704833,CC12CCCC(C)(C1CCC13CC(=C)C(C1)(CCC23)OC1OC(CO)C(O)C(O)C1OC1OC(CO)C(O)C(O)C1O)C(=O)OC1OC(CO)C(O)C(O)C1OC1OC(CO)C(O)C(O)C1O,81.10806
80,-1.747744,2.3558729,[H][C@]1(O[C@@](C[C@H](O)[C@H]1NC(C)=O)(OC[C@@H](O)[C@H](O)[C@H](O[C@@H]1O[C@H](CO)[C@H](O)[C@H](O[C@@]2(C[C@H](O)[C@@H](NC(C)=O)[C@@]([H])(O2)[C@H](O)[C@H](O)CO)C(O)=O)[C@H]1O)[C@@H](NC(C)=O)C=O)C(O)=O)[C@H](O)[C@H](O)CO,21.426163
81,-0.3689629,0.7768153,[H][C@](O)(CCCCCCCCC)CC(=O)SCCN=C(O)CCN=C(O)[C@]([H])(O)C(C)(C)COP(O)(=O)OP(O)(=O)OC[C@@]1([H])O[C@@]([H])(N2C=NC3=C(N)N=CN=C23)C([H])(O)[C@@]1([H])OP(O)(O)=O,372.67523
82,-0.31183073,0.74550974,CCCCCCCCC[C@H](O)CC(=O)SCCNC(=O)CCNC(=O)C(O)C(C)(C)COP(O)(=O)OP(O)(=O)OC[C@H]1O[C@H]([C@H](O)[C@@H]1OP(O)(O)=O)N1C=NC2=C(N)N=CN=C12,403.94427
83,-1.4525211,1.9215502,COC1=C(O)C=CC(\C=C\C(=O)O[C@H]2[C@H](OC[C@H]3O[C@@H](OC4=C(OC5=C(C(O)=C(OC)C(O)=C5)C4=O)C4=CC=C(O)C(O)=C4)[C@H](O[C@@H]4OC[C@](O)(CO)[C@H]4O)[C@@H](O)[C@@H]3O)O[C@H](CO)[C@@H](O)[C@@H]2O)=C1,32.623566
84,-1.1056538,2.2699327,COC1=C(O)C=CC(\C=C\C(=O)OC2C(OC3C(OC4=C(OC5=CC(OC6OC(CO)C(O)C(O)C6O)=CC(O)=C5C4=O)C4=CC(O)=C(O)C=C4)OC(CO)C(O)C3O)OC(CO)C(O)C2O)=C1,127.93498
85,-0.22982526,0.7375386,CC(C)CCCCCCCCCC(=O)SCCNC(=O)CCNC(=O)[C@H](O)C(C)(C)COP(O)(=O)OP(O)(=O)OC[C@H]1O[C@H]([C@H](O)[C@@H]1OP(O)(O)=O)N1C=NC2=C1N=CN=C2N,91.89844
86,-0.28079984,0.73105896,CCC(C)CCCCCCCCC(=O)SCCNC(=O)CCNC(=O)[C@H](O)C(C)(C)COP(O)(=O)OP(O)(=O)OC[C@H]1O[C@H]([C@H](O)[C@@H]1OP(O)(O)=O)N1C=NC2=C1N=CN=C2N,59.15387
87,-0.12137255,0.641123,CCCCCCCCCCCCC(=O)SCCNC(=O)CCNC(=O)C(O)C(C)(C)COP(O)(=O)OP(O)(=O)OC[C@H]1O[C@H]([C@H](O)[C@@H]1OP(O)(O)=O)N1C=NC2=C1N=CN=C2N,269.14294
88,-0.3687759,0.7930654,[H][C@](O)(C(O)=NCCC(O)=NCCSC(=O)CC(=O)CCCCCCCCC)C(C)(C)COP(O)(=O)OP(O)(=O)OC[C@@]1([H])O[C@@]([H])(N2C=NC3=C(N)N=CN=C23)C([H])(O)[C@@]1([H])OP(O)(O)=O,295.10675
89,-0.38373142,0.8986391,CCCCCCC=CCC(O)CC(=O)SCCNC(=O)CCNC(=O)C(O)C(C)(C)COP(O)(=O)OP(O)(=O)OCC1OC(C(O)C1OP(O)(O)=O)N1C=NC2=C1N=CN=C2N,123.26935
90,-0.38787025,0.87988263,CCCCCC=CCCC(O)CC(=O)SCCNC(=O)CCNC(=O)C(O)C(C)(C)COP(O)(=O)OP(O)(=O)OCC1OC(C(O)C1OP(O)(O)=O)N1C=NC2=C1N=CN=C2N,19.569672
91,-0.49443045,2.6974995,CC(CCC(OC1OC(CO)C(O)C(O)C1OC1OC(CO)C(O)C(O)C1O)C(C)(C)O)C1CCC2(C)C3CC=C4C(CCC(OC5OC(CO)C(O)C(O)C5O)C4(C)C)C3(C)C(O)CC12C,236.09998
92,-0.6808462,2.844976,CC(C)=CCCC(C)(OC1OC(CO)C(O)C(O)C1O)C1CCC2(C)C1C(O)CC1C3(C)CCC(O)C(C)(C)C3C(CC21C)OC1OC(CO)C(O)C(O)C1OC1OC(CO)C(O)C(O)C1O,270.58392
93,-0.4931419,2.7165391,CC(CCC(OC1OC(COC2OC(CO)C(O)C(O)C2O)C(O)C(O)C1O)C(C)(C)O)C1CCC2(C)C3CC=C4C(CCC(OC5OC(CO)C(O)C(O)C5O)C4(C)C)C3(C)C(O)CC12C,407.2321
94,-0.6801785,2.8591366,CC(C)=CCCC(C)(OC1OC(COC2OC(CO)C(O)C(O)C2O)C(O)C(O)C1O)C1CCC2(C)C1C(O)CC1C3(C)CCC(O)C(C)(C)C3C(CC21C)OC1OC(CO)C(O)C(O)C1O,130.41275
95,-0.6801789,2.8591373,CC(C)=CCCC(C)(OC1OC(CO)C(O)C(O)C1O)C1CCC2(C)C1C(O)CC1C3(C)CCC(O)C(C)(C)C3C(CC21C)OC1OC(COC2OC(CO)C(O)C(O)C2O)C(O)C(O)C1O,154.41278
96,-0.6803409,2.8571784,CC(C)=CCCC(C)(OC1OC(CO)C(O)C(O)C1O)C1CCC2(C)C1C(O)CC1C3(C)CCC(O)C(C)(C)C3C(CC21C)OC1OC(CO)C(OC2OC(CO)C(O)C(O)C2O)C(O)C1O,188.73926
97,-0.52329516,2.7627141,C\C(CO)=C/CCC(C)(OC1OC(CO)C(O)C(O)C1O)C1CCC2(C)C1C(O)CC1C3(C)CCC(OC4OC(CO)C(O)C(O)C4OC4OC(CO)C(O)C(O)C4O)C(C)(C)C3CCC21C,20.836975
98,-0.52697515,2.7928777,CC(=C)C(O)CCC(C)(OC1OC(CO)C(O)C(O)C1O)C1CCC2(C)C1C(O)CC1C3(C)CCC(OC4OC(CO)C(O)C(O)C4OC4OC(CO)C(O)C(O)C4O)C(C)(C)C3CCC21C,46.52292
99,-0.6702516,2.86732,CC(C)=CCCC(C)(OC1OC(CO)C(O)C(O)C1O)C1CCC2(C)C1C(O)CC1C3(C)CCC(OC4OC(CO)C(O)C(O)C4OC4OC(CO)C(O)C(O)C4O)C(C)(C)C3C(O)CC21C,265.70422
100,-0.58844984,2.8798404,CC(C)(O)\C=C\CC(C)(OC1OC(CO)C(O)C(O)C1O)C1CCC2(C)C1C(O)CC1C3(C)CCC(OC4OC(CO)C(O)C(O)C4OC4OC(CO)C(O)C(O)C4O)C(C)(C)C3CCC21C,127.64337
101,-0.6051773,2.866642,CC1OC(OC2C(O)C(O)C(CO)OC2OC2CC3(C)C(CC(O)C4C(CCC34C)C(C)(C\C=C\C(C)(C)O)OC3OC(CO)C(O)C(O)C3O)C3(C)CCC(O)C(C)(C)C23)C(O)C(O)C1O,149.4396
102,0.41961488,1.8028874,CC(C)CC1NC(=O)C(CC2=CC=CC=C2)NC(=O)C(CCN)NC(=O)C(CCNC(=O)C(NC(=O)C(CCN)NC(=O)C(CCN)NC1=O)C(C)O)NC(=O)C(CCN)NC(=O)C(N)C(C)O,537.008
103,-1.1086621,2.229163,COC1=CC(\C=C\C(=O)OCC2OC(OC3=C(C4OC(CO)C(O)C(O)C4O)C(O)=C4C(=O)C=C(OC4=C3)C3=CC=C(OC4OC(CO)C(O)C(O)C4O)C=C3)C(O)C(O)C2O)=CC(OC)=C1O,120.73128
104,-1.072515,2.2639737,COC1=C(O)C=CC(\C=C\C(=O)OCC2OC(OC3C(O)C(O)C(CO)OC3C3=C(O)C4=C(OC(=CC4=O)C4=CC(OC)=C(OC5OC(CO)C(O)C(O)C5O)C=C4)C=C3O)C(O)C(O)C2O)=C1,78.28704
105,0.18294072,1.4252895,CSCCC(N)C(=O)NC(CCC(O)=O)C(=O)NC(CC1=CN=CN1)C(=O)NC(CC1=CC=CC=C1)C(=O)NC(CCCN=C(N)N)C(=O)NC(CC1=CNC2=CC=CC=C12)C(=O)NCC(O)=O,72.44748
106,-0.71417075,2.7560437,CC(C)=CCCC(C)(OC1OC(CO)C(O)C(O)C1O)C1CCC2(C)C1C(O)CC1C3(C)CCC(OC4OC(CO)C(O)C(O)C4OC4OC(CO)C(O)C(O)C4O)C(C)(C)C3=CC(O)C21C,273.95416
107,-0.5480403,2.7410219,CC(=C)C(=O)CCC(C)(OC1OC(CO)C(O)C(O)C1O)C1CCC2(C)C1C(O)CC1C3(C)CCC(OC4OC(CO)C(O)C(O)C4OC4OC(CO)C(O)C(O)C4O)C(C)(C)C3CCC21C,305.8346
108,0.23669371,1.8758923,COC(C)C1N(C)C(=O)C(NC(=O)C(C)N(C)C(=O)C(C)NC(=O)C(=C)N(C)C(=O)C(CC2=CC=CC=C2)OC(=O)C(NC(C)=O)C(C)OC1=O)C(OC(=O)C(NC(C)=O)C(O)C(C)C)C(C)C,570.8858
109,-0.7383851,0.923972,CC\C=C/C[C@H]1[C@@H](CC(=O)SCCN=C(O)CCN=C(O)[C@H](O)C(C)(C)COP(O)(=O)OP(O)(=O)OC[C@H]2O[C@H]([C@H](O)[C@@H]2OP(O)(O)=O)N2C=NC3=C(N)N=CN=C23)CCC1=O,36.23584
110,-0.41411573,2.8376136,CC1CCC2(CCC3(C)C(=CCC4C5(C)CC(O)C(O)C(C)(CO)C5CCC34C)C2C1C)C(=O)OC1OC(COC2OC(CO)C(OC3OC(C)C(O)C(O)C3O)C(O)C2O)C(O)C(O)C1O,131.60413
111,-0.48494378,2.9928195,CC1CCC2(CCC3(C)C(=CCC4C5(C)CC(O)C(O)C(C)(C)C5C(O)CC34C)C2C1C)C(=O)OC1OC(COC2OC(CO)C(OC3OC(C)C(O)C(O)C3O)C(O)C2O)C(O)C(O)C1O,289.12567
112,-0.62657815,2.8998857,CC1(C)CC(O)C2(C)CCC3(C)C(=CCC4C5(C)CCC(OC6OC(C(O)C(O)C6OC6OC(CO)C(O)C(O)C6OC6OC(CO)C(O)C(O)C6O)C(O)=O)C(C)(CO)C5CCC34C)C2C1,97.77417
113,-0.51418597,2.788525,CC1OC(OC2C(O)C(O)C(OCC3OC(OC(=O)C45CCC(C)(C)CC4=C4CCC6C7(C)CC(O)C(O)C(C)(CO)C7CCC6(C)C4(C)CC5)C(O)C(O)C3O)OC2CO)C(O)C(O)C1O,92.74625
114,-0.6143504,2.8938484,CC1(C)CC2C3=CCC4C5(C)CCC(OC6OC(C(O)C(O)C6OC6OC(C(O)C(O)C6O)C(O)=O)C(O)=O)C(C)(CO)C5CCC4(C)C3(C)CCC2(C)C(OC2OCC(O)C(O)C2O)C1O,207.07407
115,0.05855773,1.2901783,NC1=NC(=O)C2=NC(CNC3=CC=C(C=C3)C(=O)N[C@@H](CCC(=O)N[C@@H](CCC(=O)N[C@@H](CCC(=O)N[C@@H](CCC(=O)N[C@@H](CCC(O)=O)C(O)=O)C(O)=O)C(O)=O)C(O)=O)C(O)=O)=CN=C2N1,199.22583
116,-0.7975356,0.83129483,CC(C)(COP(O)(=O)OP(O)(=O)OC[C@H]1O[C@H]([C@H](O)[C@@H]1OP(O)(O)=O)N1C=NC2=C1N=CN=C2N)C(O)C(=O)NCCC(=O)NCCSC(=O)C[C@@H](CC1=CC=CC=C1)C(O)=O,91.60045
117,-0.5751842,2.7911506,CC1(C)CCC2(CCC3(C)C(=CCC4C5(C)CCC(OC6OC(CO)C(O)C(O)C6OC6OC(CO)C(O)C(O)C6O)C(C)(C=O)C5CCC34C)C2C1)C(=O)OC1OC(CO)C(O)C(O)C1O,188.70282
118,-1.0197905,1.9774531,OCC1OC(C(O)C(O)C1O)C1(O)C(O)=C(C(C(O)=O)C2=C(O)C(O)(C3OC(CO)C(O)C(O)C3O)C(=O)C(C(=O)\C=C/C3=CC=C(O)C=C3)=C2O)C(=O)C(C(=O)\C=C/C2=CC=C(O)C=C2)=C1O,126.01288
119,0.24845107,1.5643828,CCC(C)C(NC(=O)C(CC1=CC=C(O)C=C1)NC(=O)C(NC(=O)C(CCCN=C(N)N)NC(=O)CNC)C(C)C)C(=O)NC(CC1=CN=CN1)C(=O)N1CCCC1C(=O)NC(C(C)O)C(O)=O,299.56293
120,-0.77664447,0.8623469,OC(C(C)(C)COP(=O)(O)OP(=O)(O)OC[C@H]1O[C@H]([C@H](O)[C@@H]1OP(O)(=O)O)N1C=NC2=C1N=CN=C2N)C(=O)NCCC(=O)NCCSC(=O)C(\CC(=O)O)=C\C1=CC=CC=C1,3.1746216
121,-0.5271888,2.6898224,CC1OC(OC2C(O)C(OC3C(O)CC4(C)C(CCC5(C)C4CC=C4C6CC(=C)CCC6(CCC54C)C(=O)OC4OC(CO)C(O)C(O)C4O)C3(C)C=O)OC(C2O)C(O)=O)C(O)C(O)C1O,142.26303
122,-0.5413766,2.9628198,CC(CCC1(O)OC2CC3C4CC(O)C5CC(OC6OC(CO)C(OC7OC(CO)C(O)C(O)C7O)C(O)C6O)C(O)CC5(C)C4CCC3(C)C2C1C)COC1OC(CO)C(O)C(O)C1O,44.667145
123,-0.6995973,0.8714179,CC(C)CCC[C@@H](C)[C@H](O)CC(=O)SCCN=C(O)CCN=C(O)[C@@H](O)C(C)(C)COP(O)(=O)OP(O)(=O)OC[C@@H]1O[C@@H]([C@H](O)[C@@H]1OP(O)(O)=O)N1C=NC2=C(N)N=CN=C12,184.67155
124,-0.6917376,2.7302997,CC1OC(OC2C(OC34CC5(CC3=C)CCC3C(C)(CCCC3(C)C(=O)OC3OC(CO)C(O)C(O)C3O)C5CC4)OC(CO)C(O)C2OC2OC(CO)C(O)C(O)C2O)C(O)C(O)C1O,3.2983398
125,-1.0948929,2.3040237,OCC1OC(OC2C(O)C(O)C(CO)OC2OC2=C(OC3=CC(O)=CC(O)=C3C2=O)C2=CC(O)=C(O)C=C2)C(OC2OC(COC(=O)\C=C\C3=CC(O)=C(O)C=C3)C(O)C(O)C2O)C(O)C1O,20.364624
126,-1.1214272,2.2781246,OCC1OC(OC2=CC(O)=C3C(OC(C4=CC(O)=C(O)C=C4)=C(OC4OC(CO)C(O)C(O)C4OC4OC(CO)C(O)C(O)C4OC(=O)\C=C\C4=CC(O)=C(O)C=C4)C3=O)=C2)C(O)C(O)C1O,32.40606
127,-0.29385588,0.75295526,CC(C)CCCCCCCCC(=O)SCCNC(=O)CCNC(=O)[C@H](O)C(C)(C)COP(O)(=O)OP(O)(=O)OC[C@H]1O[C@H]([C@H](O)[C@@H]1OP(O)(O)=O)N1C=NC2=C1N=CN=C2N,105.0141
128,-0.13789779,0.7345802,CCCCCCCCCCCC(=O)SCCNC(=O)CCNC(=O)C(O)C(C)(C)COP(O)(=O)OP(O)(=O)OCC1OC(C(O)C1OP(O)(O)=O)N1C=NC2=C1N=CN=C2N,414.8368
129,-0.22373576,0.6440791,CCCCCCCCCCCC(=O)SCCNC(=O)CCNC(=O)[C@H](O)C(C)(C)COP(O)(=O)OP(O)(=O)OC[C@H]1O[C@H]([C@H](O)[C@@H]1OP(O)(O)=O)N1C=NC2=C1N=CN=C2N,351.9273
130,-1.4240963,2.0434241,COC1=CC(\C=C\C(=O)OC[C@H]2O[C@@H](OC[C@H]3O[C@@H](OC4=CC5=C(O)C=C(O)C=C5[O+]=C4C4=CC=C(O)C(O)=C4)[C@H](OCC4O[C@@H](O)[C@H](O)[C@H]4O)[C@@H](O)[C@H]3O)[C@H](O)[C@@H](O)[C@@H]2O)=CC(OC)=C1O,79.15806
131,-1.6141335,2.185251,COC1=CC(=CC=C1O)C1=[O+]C2=C(C=C1O[C@@H]1O[C@H](COC(=O)\C=C\C3=CC(O)=C(O)C=C3)[C@@H](O)[C@H](O)[C@H]1O[C@@H]1O[C@H](CO)[C@@H](O)[C@H](O)[C@H]1O)C(O[C@@H]1O[C@H](CO)[C@@H](O)[C@H](O)[C@H]1O)=CC(O)=C2,27.824142
132,-1.614355,2.18542,COC1=C(O)C=CC(=C1)C1=C(O[C@@H]2O[C@H](CO)[C@@H](O)[C@H](O)[C@H]2O[C@@H]2O[C@H](COC(=O)\C=C\C3=CC=C(O)C(O)=C3)[C@@H](O)[C@H](O)[C@H]2O)C=C2C(O[C@@H]3O[C@H](CO)[C@@H](O)[C@H](O)[C@H]3O)=CC(O)=CC2=[O+]1,42.824142
133,-1.092137,2.312867,COC1=C(O)C=CC(=C1)C1=C(OC2OC(COC(=O)\C=C\C3=CC(O)=C(O)C=C3)C(O)C(O)C2OC2OC(CO)C(O)C(O)C2O)C=C2C(OC3OC(CO)C(O)C(O)C3O)=CC(O)=CC2=[O+]1,17.122017
134,-1.0604525,2.8259418,OCC1OC(OC2C(O)C(O)C(OC3C(O)C(O)C(OC4C(O)C(O)C(OC5C(O)C(O)C(OC6=CC=C(C=C6)[N+]([O-])=O)OC5CO)OC4CO)OC3CO)OC2CO)C(O)C(O)C1O,128.68924
135,-0.69901675,0.8842267,CC(C)CCC[C@@H](C)C(=O)CC(=O)SCCN=C(O)CCN=C(O)[C@@H](O)C(C)(C)COP(O)(=O)OP(O)(=O)OC[C@@H]1O[C@@H]([C@H](O)[C@@H]1OP(O)(O)=O)N1C=NC2=C(N)N=CN=C12,183.38858
136,-0.68730986,2.930871,CC(C)(O)C1CCC(C)(O1)C1CCC2(C)C1C(O)CC1C3(C)CCC(O)C(C)(C)C3C(CC21C)OC1OC(CO)C(O)C(O)C1OC1OCC(OC2OC(CO)C(O)C(O)C2O)C(O)C1O,244.7005
137,-0.6679554,2.8118293,CC(C)=CCCC(C)(OC1OC(CO)C(O)C(O)C1OC1OC(CO)C(O)C(O)C1O)C1(O)CCC2(C)C1C(O)CC1C3(C)CCC(O)C(C)(C)C3C(CC21C)OC1OCC(O)C(O)C1O,127.57745
138,-0.6431526,2.8841112,CC(C)(O)\C=C\CC(C)(OC1OC(CO)C(O)C(O)C1O)C1CCC2(C)C1C(O)CC1C3(C)CCC(O)C(C)(C)C3C(CC21C)OC1OC(CO)C(O)C(O)C1OC1OCC(O)C(O)C1O,124.27695
139,-0.50321764,2.7457218,CC(C(O)C(O)C(O)C(C)(C)O)C1CCC2(C)C3CC=C4C(CCC(OC5OC(COC6OC(CO)C(O)C(O)C6O)C(OC6OCC(O)C(O)C6O)C(O)C5O)C4(C)C)C3(C)CCC12C,90.882355
140,-0.6632098,2.9370687,CC(C)(O)C1CCC(C)(O1)C1CCC2(C)C1C(O)CC1C3(C)CCC(O)C(C)(C)C3C(CC21C)OC1OC(COC2OC(CO)C(O)C(O)C2O)C(O)C(O)C1OC1OCC(O)C(O)C1O,292.5267
141,-1.0775021,2.2715893,COC1=C(O)C=CC(\C=C\C(=O)OC2C(OC3C(OC4=C(OC5=CC(OC6OC(CO)C(O)C(O)C6O)=CC(O)=C5C4=O)C4=CC=C(O)C=C4)OC(CO)C(O)C3O)OC(CO)C(O)C2O)=C1,92.99152
142,-1.0790868,2.2709386,COC1=C(O)C=CC(\C=C/C(=O)OC2C(OC3=CC(O)=C4C(OC(C5=CC=C(O)C=C5)=C(OC5OC(CO)C(O)C(O)C5OC5OC(CO)C(O)C(O)C5O)C4=O)=C3)OC(CO)C(O)C2O)=C1,77.128235
143,-1.3653368,1.9063647,COC1=CC(=CC=C1O)C1=C(O[C@@H]2OC(CO[C@@H]3O[C@@H](CO)[C@@H](O)[C@H](O)[C@H]3OC(=O)\C=C\C3=CC=C(O)C=C3)[C@@H](O)[C@H](O)[C@H]2O[C@@H]2OC[C@](O)(CO)[C@H]2O)C(=O)C2=C(O)C(OC)=C(O)C=C2O1,53.02806
144,-1.1102055,2.2633464,COC1=C(O)C=CC(\C=C\C(=O)OC2C(OC3=C(OC4=CC(OC5OC(CO)C(O)C(O)C5O)=CC(O)=C4C3=O)C3=CC=C(OC4OC(CO)C(O)C(O)C4O)C=C3)OC(CO)C(O)C2O)=C1,75.07694
145,-1.1105224,2.2648816,COC1=C(O)C=CC(\C=C/C(=O)OC2C(OC3=CC(O)=C4C(OC(C5=CC=C(OC6OC(CO)C(O)C(O)C6O)C=C5)=C(OC5OC(CO)C(O)C(O)C5O)C4=O)=C3)OC(CO)C(O)C2O)=C1,82.87764
146,-1.5942397,2.1446743,COC1=CC(\C=C\C(=O)OC[C@H]2O[C@H](OC3=C(OC4=CC(O[C@@H]5O[C@H](CO)[C@@H](O)[C@H](O)[C@H]5O)=CC(O)=C4C3=O)C3=CC=C(O)C=C3)[C@H](O[C@@H]3O[C@H](CO)[C@@H](O)[C@H](O)[C@H]3O)[C@@H](O)[C@@H]2O)=CC=C1O,45.096367
147,-0.29906484,0.6761818,CCCCCCCCC\C=C\C(=O)SCCNC(=O)CCNC(=O)C(O)C(C)(C)COP(=O)(O)OP(=O)(O)OC[C@H]1O[C@H]([C@H](O)[C@@H]1OP(O)(=O)O)N1C=NC2=C1N=CN=C2N,194.96277
148,-0.31858876,0.7707562,CCCCCCCC\C=C/CC(=O)SCCNC(=O)CCNC(=O)[C@H](O)C(C)(C)COP(O)(=O)OP(O)(=O)OC[C@H]1O[C@H](C(O)[C@H]1OP(O)(O)=O)N1C=NC2=C(N)N=CN=C12,153.75043
149,-0.25581202,0.7887918,CCCCCCCCCC=CC(=O)SCCNC(=O)CCNC(=O)C(O)C(C)(C)COP(O)(=O)OP(O)(=O)OCC1OC(C(O)C1OP(O)(O)=O)N1C=NC2=C1N=CN=C2N,315.90643
150,-0.31440708,0.88683707,CCCCCCCCC=CCC(=O)SCCN=C(O)CCN=C(O)C(O)C(C)(C)COP(O)(=O)OP(O)(=O)OCC1OC(C(O)C1OP(O)(O)=O)N1C=NC2=C(N)N=CN=C12,151.73743
151,-0.60418934,2.827891,CC1OC(OC2C(O)C(O)C(CO)OC2OC2CC3(C)C(CC(O)C4C(CCC34C)C(C)(CCC=C(C)C)OC3OC(CO)C(O)C(O)C3O)C3(C)CCC(O)C(C)(C)C23)C(O)C(O)C1O,101.944275
152,-0.47910044,2.6304293,CC(C(O)C\C(C)=C(\C)C(=O)OC1OC(CO)C(O)C(O)C1OC1OC(CO)C(O)C(O)C1O)C1CCC2C3CC=C4CC(CC(O)C4(C)C3CCC12C)OC1OC(CO)C(O)C(O)C1O,19.708801
153,-0.49779576,0.8258914,[H]\C(CCCCC)=C(/[H])CC\C([H])=C(/[H])C(=O)SCCN=C(O)CCN=C(O)[C@]([H])(O)C(C)(C)COP(O)(=O)OP(O)(=O)OC[C@@]1([H])O[C@@]([H])(N2C=NC3=C(N)N=CN=C23)[C@]([H])(O)[C@]1([H])OP(O)(O)=O,80.4064
154,-0.36507323,0.82667327,CCCCC\C=C/C\C=C/CC(=O)SCCNC(=O)CCNC(=O)C(O)C(C)(C)COP(O)(=O)OP(O)(=O)OC[C@H]1O[C@H]([C@H](O)[C@@H]1OP(O)(O)=O)N1C=NC2=C1N=CN=C2N,29.849731
155,-0.39486137,0.76141083,CCCCCC\C=C/C\C=C\C(=O)SCCNC(=O)CCNC(=O)[C@@](O)([H])C(C)(C)COP(=O)(O)OP(=O)(O)OC[C@H]1O[C@H](C(O)[C@H]1OP(=O)(O)O)N1C=NC2=C1N=CN=C2N,162.20065
156,-0.6416637,2.9740698,CC1(C)CC(O)C2(C)CCC3(C)C(=CCC4C5(C)CCC(OC6OC(CO)C(OC7OC(CO)C(O)C(O)C7O)C(OC7OC(CO)C(O)C(O)C7O)C6O)C(C)(CO)C5CCC34C)C2C1,186.39578
157,-0.5551922,2.80222,CC(=C)\C=C\CC(C)(OC1OC(CO)C(O)C(O)C1O)C1CCC2(C)C1C(O)CC1C3(C)CCC(OC4OC(CO)C(O)C(O)C4OC4OC(CO)C(O)C(O)C4O)C(C)(C)C3CCC21C,238.20102
158,-0.62919724,2.8320906,CC1(C)CCC2(C(O)CC3(C)C(=CCC4C5(C)CCC(OC6OCC(O)C(OC7OC(CO)C(O)C(O)C7O)C6O)C(C)(CO)C5CCC34C)C2C1)C(=O)OC1OC(CO)C(O)C(O)C1O,54.24478
159,-0.63469124,2.944946,CC1(C)CC2C3=CCC4C5(C)CCC(OC6OC(C(O)C(O)C6OC6OC(CO)C(O)C(O)C6O)C(O)=O)C(C)(CO)C5CCC4(C)C3(C)CCC2(C)C(OC2OCC(O)C(O)C2O)C1O,185.10059
160,0.46157455,1.487934,CC(NC(=O)C(CCCN=C(N)N)NC(=O)C(CCCCN)NC(=O)C(N)CCCN=C(N)N)C(=O)NC(CCCN=C(N)N)C(=O)NC(CCCCN)C(=O)NC(CCC(O)=O)C(O)=O,550.6579
161,0.039237086,2.6879692,C[C@H]1O[C@H](C[C@H](O)[C@@H]1O[C@H]1C[C@H](O)[C@H](O[C@H]2C[C@H](O)[C@H](O[C@@H]3O[C@H](CO)[C@@H](O)[C@H](O)[C@H]3O)[C@@H](C)O2)[C@@H](C)O1)O[C@H]1CC[C@@]2(C)[C@H](CC[C@@H]3[C@@H]2C[C@@H](O)[C@]2(C)[C@H](CC[C@]32O)C2=CC(=O)OC2)C1,278.80768
162,-0.80485815,2.7964118,CC1OC(OCC2OC(OC\C(C)=C\CC\C(C)=C/CC\C(C)=C\CCC(C)(OC3OC(CO)C(O)C(O)C3O)C=C)C(OC3OC(CO)C(O)C(O)C3O)C(O)C2O)C(O)C(O)C1O,287.66248
163,-1.380196,1.9455675,OCC1OC(OC2=C(O)C=C(COC(=O)C3=CC(O)=C(O)C(OC4=C(O)C(O)=C(O)C=C4C(=O)OCC4=CC(O)=C(OC5OC(CO)C(O)C(O)C5O)C(O)=C4)=C3)C=C2O)C(O)C(O)C1O,77.07995
164,-1.3806514,1.9454675,OCC1OC(OC2=C(O)C=C(COC(=O)C3=CC(O)=C(OC4=C(C=C(O)C(O)=C4O)C(=O)OCC4=CC(O)=C(OC5OC(CO)C(O)C(O)C5O)C(O)=C4)C(O)=C3)C=C2O)C(O)C(O)C1O,52.17144
165,-0.46348372,0.73406523,CCCCCCC[C@H](O)CC(=O)SCCNC(=O)CCNC(=O)[C@H](O)C(C)(C)COP(O)(=O)OP(O)(=O)OC[C@H]1O[C@H](C(O)[C@H]1OP(O)(O)=O)N1C=NC2=C(N)N=CN=C12,229.36179
166,-0.17235701,1.5849495,CC[C@@H](C)[C@@H]1NC(=O)[C@H](CC2=CC=C(O)C=C2)NC(=O)C(N)SSC[C@@H](NC(=O)C(CC(O)=N)NC(=O)[C@H](CCC(O)=N)NC1=O)C(=O)N1CCC[C@@H]1C(=O)N[C@H](CC(C)C)C(O)=O,244.98163
167,-0.617426,1.2915589,[Co]N1\C2=C(C)/C3=N/C(=C\C4=N\C(=C(C)/C5=NC([C@H](CC(O)=O)[C@@]5(C)CCC(O)=O)[C@@]1(C)[C@@](C)(CC(N)=O)[C@@H]2CCC(O)=O)\[C@@H](CCC(O)=O)C4(C)C)/[C@@H](CCC(O)=O)[C@]3(C)CC(N)=O,137.58083
168,-1.4374468,1.7547771,CC1=C(C=C)\C(NC1=O)=C\C1=C(C)C(CCC(=O)O[C@@H]2O[C@@H]([C@@H](O)[C@H](O)[C@H]2O)C(O)=O)=C(CC2=C(CCC(=O)O[C@@H]3O[C@@H]([C@@H](O)[C@H](O)[C@H]3O)C(O)=O)C(C)=C(N2)\C=C2/NC(=O)C(C=C)=C2C)N1,60.61187
169,-1.028453,0.83956236,[H]\C(=C(\[H])C1=CNC2=CC=CC=C12)C(=O)SCCN=C(O)CCN=C(O)[C@]([H])(O)C(C)(C)COP(O)(=O)OP(O)(=O)OC[C@@]1([H])O[C@@]([H])(N2C=NC3=C(N)N=CN=C23)[C@]([H])(O)[C@]1([H])OP(O)(O)=O,36.446487
170,-0.24983919,0.6633023,CCCCCCCCCCC(=O)SCCNC(=O)CCNC(=O)C(O)C(C)(C)COP(O)(=O)OP(O)(=O)OC[C@H]1O[C@H]([C@H](O)[C@@H]1OP(O)(O)=O)N1C=NC2=C1N=CN=C2N,256.87103
171,-0.36419824,0.8191329,CC(C)CCCC(C)CCC(=O)SCCNC(=O)CCNC(=O)C(O)C(C)(C)COP(O)(=O)OP(O)(=O)OC[C@H]1O[C@H]([C@H](O)[C@@H]1OP(O)(O)=O)N1C=NC2=C1N=CN=C2N,74.63559
172,-1.1061507,2.3258555,OCC1OC(OC2C(O)C(O)C(COC(=O)\C=C\C3=CC(O)=C(O)C=C3)OC2OC2=C([O+]=C3C=C(O)C=C(OC4OC(CO)C(O)C(O)C4O)C3=C2)C2=CC(O)=C(O)C=C2)C(O)C(O)C1O,113.45284
173,-0.43262872,0.77760017,CCCCCCCC(=O)CC(=O)SCCNC(=O)CCNC(=O)C(O)C(C)(C)COP(O)(=O)OP(O)(=O)OC[C@H]1O[C@H]([C@H](O)[C@@H]1OP(O)(O)=O)N1C=NC2=C(N)N=CN=C12,3.3739624
174,-0.7449643,0.79880637,CC(C)C(=C)CC(O)C(C)C(=O)SCCNC(=O)CCNC(=O)[C@H](O)C(C)(C)COP(O)(=O)OP(O)(=O)OC[C@H]1O[C@H]([C@H](O)[C@@H]1OP(O)(O)=O)N1C=NC2=C(N)N=CN=C12,66.825806
175,-0.43578708,2.9263325,COC1(CCC(C)COC2OC(CO)C(O)C(O)C2O)OC2CC3C4CCC5CC(CCC5(C)C4CCC3(C)C2C1C)OC1OC(CO)C(O)C(O)C1OC1OC(CO)C(O)C(O)C1O,238.46527
176,-0.4816798,3.0036125,CC1C2C(CC3C4CC(O)C5CC(OC6OC(CO)C(OC7OC(CO)C(O)C(OC8OC(CO)C(O)C(O)C8O)C7O)C(O)C6O)C(O)CC5(C)C4CCC23C)OC11CCC(C)CO1,0.17907715
177,-1.5760701,2.1354096,OC[C@H]1O[C@@H](O[C@@H]2[C@@H](O)[C@H](O)[C@@H](COC(=O)\C=C\C3=CC=C(O)C(O)=C3)O[C@@H]2OC2=C(OC3=CC(O[C@@H]4O[C@H](CO)[C@@H](O)[C@H](O)[C@H]4O)=CC(O)=C3C2=O)C2=CC=C(O)C=C2)[C@H](O)[C@@H](O)[C@@H]1O,92.47144
178,-1.0649643,2.3050563,OCC1OC(OC2C(O)C(O)C(CO)OC2OC2=C(OC3=CC(O)=CC(O)=C3C2=O)C2=CC(O)=C(O)C=C2)C(OC2OC(COC(=O)\C=C\C3=CC=C(O)C=C3)C(O)C(O)C2O)C(O)C1O,22.640167
179,-1.071406,2.5432673,CC1OC(OC2=CC(O)=C3C(=O)C(OC4OC(CO)C(O)C(O)C4OC4OC(CO)C(O)C(O)C4OC4OC(CO)C(O)C(O)C4O)=C(OC3=C2)C2=CC(O)=C(O)C=C2)C(O)C(O)C1O,22.527405
180,-1.0952586,2.562172,CC1OC(OCC2OC(OC3=C(OC4=CC(OC5OC(CO)C(O)C(O)C5O)=CC(O)=C4C3=O)C3=CC(OC4OC(CO)C(O)C(O)C4O)=C(O)C=C3)C(O)C(O)C2O)C(O)C(O)C1O,70.16791
181,-1.0606986,2.5023918,CC1OC(OC2C(O)C(O)C(CO)OC2OC2=CC(O)=C3C(=O)C(OC4OC(C)C(O)C(O)C4OC4OC(CO)C(O)C(O)C4O)=C(OC3=C2)C2=CC(O)=C(O)C(O)=C2)C(O)C(O)C1O,15.41011
182,-1.0918033,2.5618987,OCC1OC(OC2C(O)C(O)C(OC3=CC(O)=C4C(=O)C(OC5OC(CO)C(O)C(O)C5OC5OC(CO)C(O)C(O)C5O)=C(OC4=C3)C3=CC=C(O)C=C3)OC2CO)C(O)C(O)C1O,55.254807
183,-0.8073829,0.862898,CN1C2CCC1[C@@H]([C@@H](O)C2)C(=O)SCCNC(=O)CCNC(=O)C(O)C(C)(C)COP(O)(=O)OP(O)(=O)OC[C@H]1O[C@H]([C@H](O)[C@@H]1OP(O)(O)=O)N1C=NC2=C(N)N=CN=C12,50.305115
184,-1.0660554,2.3187416,COC1=CC(\C=C\C(=O)OCC2OC(OC3=CC4=C(OC5OC(CO)C(O)C(O)C5O)C=C(O)C=C4[O+]=C3C3=CC=C(O)C=C3)C(OC3OC(CO)C(O)C(O)C3O)C(O)C2O)=CC=C1O,105.964775
185,-1.0273229,2.2673092,COC1=CC(=CC(O)=C1O)C1=C(OC2OC(COC3OC(C)C(OC(=O)\C=C\C4=CC=C(O)C=C4)C(O)C3O)C(O)C(O)C2O)C=C2C(OC3OC(CO)C(O)C(O)C3O)=CC(O)=CC2=[O+]1,61.991425
186,-1.6501118,2.5724704,CC(=O)N[C@H]1[C@@H](O[C@H]2[C@H](O)[C@@H](O)[C@H](O[C@H]3[C@@H](O)[C@@H](CO)O[C@@H](O[C@H]4[C@@H](O)[C@@H](CO)O[C@@H](O[C@@H]5COC(O)[C@H](O)[C@H]5O)[C@@H]4O)[C@@H]3O)O[C@@H]2C(O)=O)O[C@H](CO)[C@@H](O)[C@@H]1OS(O)(=O)=O,143.6235
187,-0.8313155,0.74196064,CC(=O)CC[C@@H](CC(=O)SCCNC(=O)CCNC(=O)[C@H](O)C(C)(C)COP(O)(=O)OP(O)(=O)OC[C@H]1O[C@H]([C@H](O)[C@@H]1OP(O)(O)=O)N1C=NC2=C1N=CN=C2N)C(C)=C,88.39915
188,-0.64234674,2.8453445,CC(C)=CCCC(C)(OC1OC(CO)C(O)C(O)C1O)C1CCC2(C)C1C(O)CC1C3(C)CCC(O)C(C)(C)C3C(CC21C)OC1OC(CO)C(O)C(O)C1OC1OCC(O)C(O)C1O,140.30893
189,-1.0548843,2.280529,COC1=C(O)C=CC(\C=C\C(=O)OCC2OC(OC3C(O)C(O)C(CO)OC3C3=C(O)C4=C(OC(=CC4=O)C4=CC=C(OC5OC(CO)C(O)C(O)C5O)C=C4)C=C3O)C(O)C(O)C2O)=C1,70.46215
190,-1.0258219,2.241274,COC1=C(O)C=CC(\C=C\C(=O)OC2C(OC3=CC(O)=C4C(OC(C5=CC=C(O)C=C5)=C(OC5OC(CO)C(O)C(O)C5OC5OC(C)C(O)C(O)C5O)C4=O)=C3)OC(CO)C(O)C2O)=C1,73.92471
191,-1.057371,2.5956461,COC1=CC2=C(C(=O)C3=C(C=C(C)C=C3O)C2=O)C(OC2OC(COC3OC(CO)C(O)C(OC4OC(COC5OC(CO)C(O)C(O)C5O)C(O)C(O)C4O)C3O)C(O)C(O)C2O)=C1,13.016113
192,-1.3994454,0.4208437,NC1=NC(=O)C2=C(N1)N(C=N2)[C@@H]1O[C@H](CO[P@](O)(=O)O[P@](O)(=O)O[P@](O)(=O)O[P@@](O)(=O)O[P@](O)(=O)OC[C@H]2O[C@H]([C@H](O)[C@@H]2O)N2C=NC3=C(N)N=CN=C23)[C@@H](O)[C@H]1O,31.328075
193,-0.39981845,2.7303963,CC1OC(OC2C(O)C(O)COC2OC2CCC3(C)C(CCC4(C)C3CCC3C(C(=O)CC43COC3OC(CO)C(O)C(O)C3O)C(C)(O)C\C=C\C(C)(C)O)C2(C)C)C(O)C(O)C1O,59.438477
194,0.2324667,1.5688355,CCC(C)C(NC(=O)C(CC1=CC=C(O)C=C1)NC(=O)C(NC(=O)C(N)CCCN=C(N)N)C(C)C)C(=O)NC(CC1=CN=CN1)C(=O)N1CCCC1C(=O)NC(CC1=CC=CC=C1)C(O)=O,269.32227
195,0.14922087,1.5616897,CC[C@H](C)[C@H](NC(=O)[C@H](CC1=CC=C(O)C=C1)NC(=O)[C@@H](NC(=O)[C@@H](N)CCCN=C(N)N)C(C)C)C(=O)N[C@@H](CC1=CN=CN1)C(=O)N1CCC[C@H]1C(=O)N[C@@H](CC1=CC=CC=C1)C(O)=O,49.127197
196,0.22039099,1.5855098,CC(C)CC(NC(=O)C1CCC(=O)N1)C(=O)NC(CC(N)=O)C(=O)NC(CC1=CC=CC=C1)C(=O)NC(CO)C(=O)N1CCCC1C(=O)NCC(=O)NC(CC1=CNC2=CC=CC=C12)C(N)=O,101.51294
197,0.2452823,0.7196838,COC1=CC2=C(C=C1OC)[C@@H](CC1=CC(OC)=C(OC)C=C1)[N@@+](C)(CCC(=O)OCCCCCOC(=O)CC[N@@+]1(C)CCC3=C(C=C(OC)C(OC)=C3)[C@H]1CC1=CC(OC)=C(OC)C=C1)CC2,155.42575
198,0.268998,0.9445719,COC1=C(OC)C=C(CC2C3=CC(OC)=C(OC)C=C3CC[N+]2(C)CCC(=O)OCCCCCOC(=O)CC[N+]2(C)CCC3=CC(OC)=C(OC)C=C3C2CC2=CC(OC)=C(OC)C=C2)C=C1,121.467834
199,0.11007895,1.1926044,CC(NC(=O)C(N)CC1=CNC2=CC=CC=C12)C(=O)NCC(=O)NCC(=O)NC(CC(O)=O)C(=O)NC(C)C(=O)NC(COP(O)(O)=O)C(=O)NCC(=O)NC(CCC(O)=O)C(O)=O,70.13777
200,0.27597564,1.5089204,CCC(C)C(NC(=O)C(CCC(O)=O)NC(=O)C(CC1=CC=C(O)C=C1)NC(=O)C(CC(C)C)NC(=O)C(N)CC1=CC=C(O)C=C1)C(=O)NC(C)C(=O)NC(CCCN=C(N)N)C(O)=O,203.32721
201,0.109959,3.1193662,CC1OC(OC2CC3OC(O)(CC(O)C3C(O)=O)CC(O)C(O)CCC(O)CC(O)CC(O)CC(=O)OC(C)C(C)C(O)C(C)C=CC=CCCC=CC=CC=CC=C2)C(O)C(N)C1O,1231.0103
202,0.18053305,3.0792778,C[C@H]1OC(OC2CC(O)C(C(O)CC(=O)CC(O)C(O)CCC(O)CC(O)CC(O)CC(=O)OC(C)C(C)C(O)C(C)\C=C\C=C\CC\C=C\C=C\C=C\C=C\2)C(O)=O)[C@@H](O)[C@@H](N)[C@@H]1O,296.1535
203,-0.7076345,0.7984584,CC(C)(COP(O)(=O)OP(O)(=O)OC[C@H]1O[C@H]([C@H](O)[C@@H]1OP(O)(O)=O)N1C=NC2=C1N=CN=C2N)C(O)C(=O)NCCC(=O)NCCSC(=O)CC(O)CCCC(O)=O,59.46176
204,-1.405023,1.3347594,NC1=NC=NC2=C1N=CN2C1OC(COP(O)(=O)OC2C(COP(O)(=O)OC3C(CO)OC(C3O)N3C=NC4=C3N=CN=C4N)OC(C2O)N2C=NC3=C2N=CN=C3N)C(O)C1O,32.42914
205,-1.6848975,2.4513192,[H][C@]1(O[C@@H]2O[C@H](CO)[C@H](O)[C@H](O[C@@]3(C[C@H](O)[C@@H](NC(C)=O)[C@@]([H])(O3)[C@H](O)[C@@H](CO)O[C@@]3(C[C@H](O)[C@@H](NC(C)=O)[C@@]([H])(O3)[C@H](O)[C@H](O)CO)C(O)=O)C(O)=O)[C@H]2O)[C@H](O)[C@@H](O)C(O)O[C@@H]1CO,38.457214
206,0.094070256,3.1538808,CC1OC(OC2CC3OC(O)(CC(O)C3C(O)=O)CC(O)CC(O)C(O)CCC(O)CC(O)CC(=O)OC(C)C(C)C(O)C(C)C=CC=CC=CC=CC=CC=CC=C2)C(O)C(N)C1O,807.1751
207,0.09407058,3.153881,CC1OC(OC2CC3OC(O)(CC(O)C3C(O)=O)CC(O)CC(O)CCC(O)C(O)CC(O)CC(=O)OC(C)C(C)C(O)C(C)C=CC=CC=CC=CC=CC=CC=C2)C(O)C(N)C1O,869.1751
208,-1.849644,3.0436876,[H][C@]12C[C@@H](O[C@@H]3O[C@H](C)[C@@H](O)[C@H](N)[C@@H]3O)\C=C\C=C\C=C\C=C\C=C\C=C\C=C\[C@H](C)[C@@H](O)[C@@H](C)[C@H](C)OC(=O)C[C@H](O)C[C@H](O)CC[C@@H](O)[C@H](O)C[C@H](O)C[C@](O)(C[C@H](O)[C@H]1C(O)=O)O2,233.97548
209,-0.8093507,0.87932414,CC(C)CC[C@H](O)[C@@H](C)C(=O)SCCN=C(O)CCN=C(O)[C@@H](O)C(C)(C)COP(O)(=O)OP(O)(=O)OC[C@@H]1O[C@@H]([C@H](O)[C@@H]1OP(O)(O)=O)N1C=NC2=C(N)N=CN=C12,104.03029
210,-0.74442345,0.7572068,CC(C)(COP(O)(=O)OP(O)(=O)OC[C@H]1O[C@H]([C@H](O)[C@@H]1OP(O)(O)=O)N1C=NC2=C1N=CN=C2N)C(O)C(=O)NCCC(=O)NCCSC(=O)CC(=O)CCCC(O)=O,15.022781
211,-0.74910796,2.8261805,CC1OC(OCC2OC(OC3C(O)C(C)OC(OC\C(C)=C\CC\C(C)=C/CC\C(C)=C\CCC(C)(OC4OC(CO)C(O)C(O)C4O)C=C)C3O)C(O)C(O)C2O)C(O)C(O)C1O,213.39487
212,-0.74736893,2.820573,CC1OC(OCC2OC(OC\C(C)=C\CC\C(C)=C/CC\C(C)=C\CCC(C)(OC3OC(CO)C(OC4OC(C)C(O)C(O)C4O)C(O)C3O)C=C)C(O)C(O)C2O)C(O)C(O)C1O,277.67627
213,-0.8925247,2.290387,COC(=O)C1=COC(OC2OC(CO)C(O)C(O)C2O)\C(=C\C)C1CC(=O)OCC1OC(OC23COC(C2COC3C2=CC=C(O)C(OC)=C2)C2=CC=C(O)C(OC)=C2)C(O)C(O)C1O,92.00868
214,0.09928054,3.117847,CC1OC(OC2CC3OC(O)(CC(O)C3C(O)=O)CC(O)C(O)CCC(=O)CC(O)CC(O)CC(=O)OC(C)C(C)C(O)C(C)C=CC=CC=CC=CC=CC=CC=C2)C(O)C(N)C1O,799.50964
215,0.26524764,1.5671169,CC(N)C(=O)N1CCCC1C(=O)NC(CC1=CC=CC=C1)C(=O)NC(CC(O)=O)C(=O)NC(CC(O)=O)C(=O)NC(CC(O)=O)C(=O)NC(CC(O)=O)C(=O)NC(CCCCN)C(O)=O,163.60675
216,-0.315913,0.67928773,CCCCCCCCCC(=O)SCCNC(=O)CCNC(=O)C(O)C(C)(C)COP(O)(=O)OP(O)(=O)OC[C@H]1O[C@H]([C@H](O)[C@@H]1OP(O)(O)=O)N1C=NC2=C1N=CN=C2N,196.01819
217,-0.8068837,0.83953613,CC(C)CCC(=O)[C@@H](C)C(=O)SCCN=C(O)CCN=C(O)[C@@H](O)C(C)(C)COP(O)(=O)OP(O)(=O)OC[C@@H]1O[C@@H]([C@H](O)[C@@H]1OP(O)(O)=O)N1C=NC2=C(N)N=CN=C12,95.03339
218,-0.37595838,2.8905015,CC(CCC1(O)OC2CC3C4CCC5CC(OC6OC(CO)C(O)C(O)C6OC6OC(C)C(O)C(O)C6O)C(O)CC5(C)C4CCC3(C)C2C1C)COC1OC(CO)C(O)C(O)C1O,492.37567
219,-0.40993667,2.9111128,CC(CCC1(O)OC2CC3C4CCC5CC(CCC5(C)C4CCC3(C)C2C1C)OC1OC(CO)C(O)C(O)C1OC1OC(CO)C(O)C(O)C1O)COC1OC(CO)C(O)C(O)C1O,68.63104
220,-0.4088857,2.9238665,CC(CCC1(O)OC2CC3C4CCC5CC(CCC5(C)C4CCC3(C)C2C1C)OC1OC(CO)C(O)C(OC2OC(CO)C(O)C(O)C2O)C1O)COC1OC(CO)C(O)C(O)C1O,210.00476
221,-0.3723359,2.9011383,CC(CCC1(O)OC2CC3C4CCC5CC(OC6OC(CO)C(OC7OC(C)C(O)C(O)C7O)C(O)C6O)C(O)CC5(C)C4CCC3(C)C2C1C)COC1OC(CO)C(O)C(O)C1O,281.8012
222,-1.0670469,2.6089275,COC1=CC(OC2OC(COC3OC(CO)C(O)C(OC4OC(COC5OC(CO)C(O)C(O)C5O)C(O)C(O)C4O)C3O)C(O)C(O)C2O)=C2C(O)=C3C(=O)C=C(C)OC3=CC2=C1,71.349106
223,-0.33568004,1.6872352,CCC(C)C1NC(=O)CNC(=O)C2CC3=C(NC4=CC(O)=CC=C34)S(=O)CC(NC(=O)CNC1=O)C(=O)NC(CC(O)=O)C(=O)N1CC(O)CC1C(=O)NC(C(C)C(O)CO)C(=O)N2,380.95996
224,-1.0775341,2.32732,OCC1OC(OC2=CC(O)=CC3=[O+]C(=C(OC4OC(CO)C(O)C(O)C4OC4OC(COC(=O)\C=C\C5=CC=C(O)C=C5)C(O)C(O)C4O)C=C23)C2=CC(O)=C(O)C=C2)C(O)C(O)C1O,58.137383
225,-1.4326749,2.0910919,COC1=CC(\C=C\C(=O)OC[C@H]2O[C@@H](OC[C@H]3O[C@@H](OC4=CC5=C(O)C=C(O)C=C5[O+]=C4C4=CC=C(O)C(O)=C4)[C@H](OCC4O[C@@H](O)[C@H](O)[C@H]4O)[C@@H](O)[C@H]3O)[C@H](O)[C@@H](O)[C@@H]2O)=CC=C1O,155.74788
226,-1.0648788,2.3138847,COC1=CC(\C=C\C(=O)OCC2OC(OCC3OC(OC4=CC5=C(O)C=C(O)C=C5[O+]=C4C4=CC=C(O)C(O)=C4)C(OC4OCC(O)C(O)C4O)C(O)C3O)C(O)C(O)C2O)=CC=C1O,51.260376
227,-0.48105422,0.8115592,CCCCCC\C=C\CC(=O)SCCNC(=O)CCNC(=O)[C@H](O)C(C)(C)COP(O)(=O)OP(O)(=O)OC[C@H]1O[C@H]([C@H](O)[C@@H]1OP(O)(O)=O)N1C=NC2=C(N)N=CN=C12,79.1781
228,-0.5095219,0.7678186,CCCCC\C=C\CCC(=O)SCCNC(=O)CCNC(=O)[C@H](O)C(C)(C)COP(O)(=O)OP(O)(=O)OC[C@H]1O[C@H]([C@H](O)[C@@H]1OP(O)(O)=O)N1C=NC2=C(N)N=CN=C12,88.35022
229,-0.4235685,0.6908129,CCCCCCC\C=C\C(=O)SCCNC(=O)CCNC(=O)C(O)C(C)(C)COP(O)(=O)OP(O)(=O)OC[C@H]1O[C@H]([C@H](O)[C@@H]1OP(O)(O)=O)N1C=NC2=C(N)N=CN=C12,97.73337
230,-0.38994464,0.78157866,CCCCCCC\C=C\C(=O)SCCNC(=O)CCNC(=O)C(O)C(C)(C)COP(O)(=O)OP(O)(=O)OCC1OC(C(O)C1OP(O)(O)=O)N1C=NC2=C(N)N=CN=C12,169.33716
231,-0.92656684,0.8093055,CC(C)=CCCC(=O)CC(=O)SCCN=C(O)CCN=C(O)[C@H](O)C(C)(C)COP(O)(=O)OP(O)(=O)OC[C@H]1O[C@H]([C@H](O)[C@@H]1OP(O)(O)=O)N1C=NC2=C(N)N=CN=C12,3.4187927
232,-0.39651912,2.9565616,CC1C2C(CC3C4CCC5CC(OC6OC(CO)C(OC7OC(CO)C(O)C(O)C7OC7OC(CO)C(O)C(O)C7O)C(O)C6O)C(O)CC5(C)C4CCC23C)OC11CCC(C)CO1,85.07953
233,-0.52123994,2.8174572,CC(CCC1(O)OC2CC3C4CC=C5CC(CCC5(C)C4CCC3(C)C2C1C)OC1OC(CO)C(O)C(OC2OC(CO)C(O)C(O)C2O)C1O)COC1OC(CO)C(O)C(O)C1O,248.08969
234,-0.33200693,1.6733245,CCC(C)C1NC(=O)CNC(=O)C2CC3=C(NC4=CC(O)=CC=C34)S(=O)CC(NC(=O)CNC1=O)C(=O)NC(CC(N)=O)C(=O)N1CC(O)CC1C(=O)NC(C(C)C(O)CO)C(=O)N2,377.8358
235,-1.0430179,2.275516,CC1OC(OC2=C(OC3=CC(O)=CC(O)=C3C2=O)C2=CC(O)=C(O)C=C2)C(OC2OC(COC(=O)\C=C\C3=CC=C(OC4OC(CO)C(O)C(O)C4O)C=C3)C(O)C(O)C2O)C(O)C1O,121.046036
236,-1.0451092,2.26831,CC1OC(OC2=C(OC3=CC(OC4OC(CO)C(O)C(O)C4O)=CC(O)=C3C2=O)C2=CC(O)=C(O)C=C2)C(OC2OC(COC(=O)\C=C\C3=CC=C(O)C=C3)C(O)C(O)C2O)C(O)C1O,86.39676
237,-1.0666624,2.2821014,OCC1OC(OC2C(O)C(O)C(CO)OC2OC2=C(OC3=CC(OC4OC(CO)C(O)C(O)C4O)=CC(O)=C3C2=O)C2=CC=C(O)C=C2)C(OC(=O)\C=C\C2=CC=C(O)C=C2)C(O)C1O,109.153786
238,-1.0470653,2.5370686,CC1OC(OC2=CC(O)=C3C(=O)C(OC4OC(CO)C(O)C(O)C4OC4OC(CO)C(O)C(O)C4OC4OC(CO)C(O)C(O)C4O)=C(OC3=C2)C2=CC=C(O)C=C2)C(O)C(O)C1O,14.658829
239,-1.026745,2.558524,CC1OC(OCC2OC(OC3=C(OC4=CC(O)=CC(O)=C4C3=O)C3=CC(O)=C(O)C=C3)C(OC3OC(C)C(O)C(OC4OC(CO)C(O)C(O)C4O)C3O)C(O)C2O)C(O)C(O)C1O,66.21237
240,-1.0478599,2.5571985,CC1OC(OCC2OC(OC3=CC(O)=C4C(=O)C(OC5OC(C)C(OC6OC(CO)C(O)C(O)C6O)C(O)C5O)=C(OC4=C3)C3=CC(O)=C(O)C=C3)C(O)C(O)C2O)C(O)C(O)C1O,27.069519
241,-0.6974117,0.7065644,CC(C)C(=C)C\C=C(/C)C(=O)SCCNC(=O)CCNC(=O)[C@@](O)([H])C(C)(C)COP(=O)(O)OP(=O)(O)OC[C@H]1O[C@H]([C@@H](O)C1OP(=O)(O)O)N1C=NC2=C1N=CN=C2N,63.547333
242,-0.6967804,0.66452765,CC(C)C(=C)C\C=C(\C)C(=O)SCCNC(=O)CCNC(=O)[C@@](O)([H])C(C)(C)COP(=O)(O)OP(=O)(O)OC[C@H]1O[C@H](C(O)[C@H]1OP(=O)(O)O)N1C=NC2=C1N=CN=C2N,51.20195
243,-0.54730946,0.7556205,CCCCC\C([H])=C(\[H])/C=C/C(=O)SCCNC(=O)CCNC(=O)[C@H](O)C(C)(C)COP(O)(=O)OP(O)(=O)OC[C@H]1O[C@H]([C@H](O)[C@@H]1OP(O)(O)=O)N1C=NC2=C(N)N=CN=C12,7.280945
244,-0.4219795,2.7784686,CC(C)(O)\C=C\CC(C)(O)C1C2CCC3C4(C)CCC(OC5OCC(O)C(O)C5O)C(C)(C)C4CCC3(C)C2(COC2OC(COC3OCC(O)C(O)C3O)C(O)C(O)C2O)CC1=O,256.75906
245,-0.45981696,2.7545123,CC(COC1OC(CO)C(O)C(O)C1O)CC(CO)C1=C(C)C2C(CC3C4CC(=O)C5CC(CCC5(C)C4CCC23C)OC2OC(COC3OCC(O)C(O)C3O)C(O)C(O)C2O)O1,95.26056
246,-0.5227142,2.866895,CC1C2C(CC3C4CC=C5CC(OC6OC(CO)C(OC7OC(CO)C(O)C(OC8OC(CO)C(O)C(O)C8O)C7O)C(O)C6O)C(O)CC5(C)C4CCC23C)OC11CCC(C)CO1,55.395996
247,-0.41590238,2.9183836,CC1C2C(CC3C4CCC5CC(CCC5(C)C4CC(=O)C23C)OC2OC(CO)C(OC3OC(CO)C(OC4OC(CO)C(O)C(O)C4O)C(O)C3O)C(O)C2O)OC11CCC(C)CO1,276.0829
248,-1.3148675,0.51909685,NC1=NC=NC2=C1N=CN2C1OC(COP(O)(=O)OP(O)(=O)OP(O)(=O)OP(O)(=O)OP(O)(=O)OCC2OC(C(O)C2O)N2C=NC3=C2N=CN=C3N)C(O)C1O,103.10747
249,-1.2361443,0.3749343,NC1=NC=NC2=C1N=CN2[C@@H]1OC(COP(O)(=O)OP(O)(=O)OP(O)(=O)OP(O)(=O)OP(O)(=O)OC[C@H]2OC([C@H](O)[C@@H]2O)N2C=NC3=C(N)N=CN=C23)[C@@H](O)[C@H]1O,27.606133
250,-1.011899,2.6947,OCC(O)C(OC1OC(CO)C(O)C(O)C1O)C(O)C(O)CN(CCC1=CC(I)=C(O)C=C1)CC(O)C(O)C(OC1OC(CO)C(O)C(O)C1O)C(O)CO,100.048325
251,-0.62252104,2.7807682,CC1OC(OC2C(C)OC(OC3C(C)OC(OC4C(CO)OC(OC5CCC6(C)C7CCC8(C)C(CC=C8C(C)=O)C7CC=C6C5)C(O)C4O)C(O)C3O)C(O)C2O)C(O)C(O)C1O,93.70514
252,-0.9291096,0.7793053,CC(C)(COP(O)(=O)OP(O)(=O)OC[C@H]1O[C@H]([C@H](O)[C@@H]1OP(O)(O)=O)N1C=NC2=C1N=CN=C2N)[C@@H](O)C(=O)NCCC(=O)NCCSC(=O)\C=C\C1=CC=C(O)C=C1,25.073563
253,0.18970898,1.4790102,CC[C@H](C)[C@H](N)C(=O)N[C@@H](C)C(=O)N[C@@H](CCCNC(N)=N)C(=O)N[C@@H](CCCNC(N)=N)C(=O)N[C@@H](CC1=CNC=N1)C(=O)N1CCC[C@H]1C(=O)N[C@@H](CC1=CC=C(O)C=C1)C(O)=O,80.57065
254,-0.94034946,0.87608343,[H]C(O)(CCC(O)=O)CC(=O)SCCN=C(O)CCN=C(O)[C@]([H])(O)C(C)(C)COP(O)(=O)OP(O)(=O)OC[C@@]1([H])O[C@@]([H])(N2C=NC3=C(N)N=CN=C23)[C@]([H])(O)[C@]1([H])OP(O)(O)=O,60.690117
255,-0.9876088,0.6060283,C[C@](O)(CC(O)=O)CC(=O)SCCNC(=O)CCNC(=O)[C@H](O)C(C)(C)COP(O)(=O)OP(O)(=O)OC[C@H]1O[C@H]([C@H](O)[C@@H]1OP(O)(O)=O)N1C=NC2=C1N=CN=C2N,38.29084
256,-0.82024366,0.67298055,CC(C)(COP(O)(=O)OP(O)(=O)OC[C@@H]1O[C@@H]([C@@H](O)[C@H]1OP(O)(O)=O)N1C=NC2=C1N=CN=C2N)C(O)C(=O)NCCC(=O)NCCSC(=O)C[C@H](O)CCC(O)=O,84.4588
257,0.36108956,1.7797967,CC(=O)NC(CCCCN)C(=O)N1CCCC1C(=O)NC(CO)C(=O)NC(CO)C(=O)N1CCCC1C(=O)N1CCCC1C(=O)NC(CCC(O)=O)C(=O)NC(CCC(O)=O)C(N)=O,373.8949
258,-1.0643783,2.0270932,OCC1OC(C(O)C(O)C1O)C1(O)C(O)=C(\C=C2/C(=O)C(C(=O)\C=C\C3=CC=C(O)C=C3)=C(O)C(O)(C3OC(CO)C(O)C(O)C3O)C2=O)C(=O)C(C(=O)\C=C\C2=CC=C(O)C=C2)=C1O,56.569664
259,-0.71896213,0.7793834,CCCC(C(O)CC)C(=O)SCCN=C(O)CCN=C(O)[C@@H](O)C(C)(C)COP(O)(=O)OP(O)(=O)OC[C@@H]1O[C@@H]([C@@H](O)[C@H]1OP(O)(O)=O)N1C=NC2=C(N)N=CN=C12,19.50821
260,-0.6196769,0.73811704,[H][C@](O)(CCCCC)CC(=O)SCCNC(=O)CCNC(=O)[C@]([H])(O)C(C)(C)COP(O)(=O)OP(O)(=O)OC[C@H]1O[C@H](C(O)[C@H]1OP(O)(O)=O)N1C=NC2=C1N=CN=C2N,230.47012
261,-0.9648805,0.8189389,[H][C@](O)(C(O)=NCCC(O)=NCCSC(=O)CC(=O)CCC(O)=O)C(C)(C)COP(O)(=O)OP(O)(=O)OC[C@@]1([H])O[C@@]([H])(N2C=NC3=C(N)N=CN=C23)[C@]([H])(O)[C@]1([H])OP(O)(O)=O,67.421814
262,-0.4489955,0.89184266,CC(C)CCCC(C)C(=O)SCCNC(=O)CCNC(=O)C(O)C(C)(C)COP(O)(=O)OP(O)(=O)OCC1OC(C(O)C1OP(O)(O)=O)N1C=NC2=C1N=CN=C2N,31.740692
263,-0.38278213,0.6893766,CCCCCCCCC(=O)SCCNC(=O)CCNC(=O)C(O)C(C)(C)COP(O)(=O)OP(O)(=O)OC[C@H]1O[C@H]([C@H](O)[C@@H]1OP(O)(O)=O)N1C=NC2=C1N=CN=C2N,122.823395
264,-0.5550179,0.756964,CCCCCC(=O)CC(=O)SCCNC(=O)CCNC(=O)C(O)C(C)(C)COP(O)(=O)OP(O)(=O)OC[C@H]1O[C@H]([C@H](O)[C@@H]1OP(O)(O)=O)N1C=NC2=C(N)N=CN=C12,80.73456
265,-0.7263279,0.6741026,CCCC(C(=O)CC)C(=O)SCCN=C(O)CCN=C(O)[C@@H](O)C(C)(C)COP(O)(=O)OP(O)(=O)OC[C@@H]1O[C@@H]([C@@H](O)[C@H]1OP(O)(O)=O)N1C=NC2=C(N)N=CN=C12,59.419937
266,-0.40296036,2.8899252,CC(CCC1(O)OC2CC3C4CCC5CC(OC6OC(CO)C(O)C(O)C6OC6OCC(O)C(O)C6O)C(O)CC5(C)C4CCC3(C)C2C1C)COC1OC(CO)C(O)C(O)C1O,68.76984
267,-1.5706768,2.1340005,O[C@@H]1OC(CO[C@H]2[C@H](OC3=CC4=C(O)C=C(O)C=C4[O+]=C3C3=CC=C(O)C(O)=C3)O[C@H](CO[C@@H]3O[C@H](COC(=O)\C=C\C4=CC=C(O)C(O)=C4)[C@@H](O)[C@H](O)[C@H]3O)[C@H](O)[C@@H]2O)[C@H](O)[C@H]1O,84.87179
268,-0.36996806,2.772157,CC(C)CCC(O)C(C)C1C(CC2C3CC=C4CC(O)CC(OC5OC(C)C(OC6OC(CO)C(O)C(O)C6O)C(O)C5O)C4(C)C3CCC12C)OC1OC(CO)C(O)C(O)C1O,55.621277
269,-0.34147137,2.9318676,CC(CCC1(O)OC2CC3C4CC(OC5OC(C)C(O)C(OC6OC(C)C(O)C(O)C6O)C5O)C5CC(O)CCC5(C)C4CCC3(C)C2C1C)COC1OC(CO)C(O)C(O)C1O,266.79102
270,-0.39538088,2.9325244,COC1(CCC(C)COC2OC(CO)C(O)C(O)C2O)OC2CC3C4CC(OC5OC(C)C(O)C(OC6OCC(O)C(O)C6O)C5O)C5CC(O)CCC5(C)C4CCC3(C)C2C1C,80.41095
271,-1.408069,0.17869128,COC1=C(C=CC(=C1)C1=CC(OC)=C(C=C1)N=NC1=C(O)C2=C(C=C1)C(=CC(=C2N)S(O)(=O)=O)S(O)(=O)=O)N=NC1=C(O)C2=C(C=C1)C(=CC(=C2N)S(O)(=O)=O)S(O)(=O)=O,4.325403
272,0.325971,1.7018616,NC(CCCN=C(N)N)C(=O)N1CCCC1C(=O)N1CCCC1C(=O)NCC(=O)NC(CC1=CC=CC=C1)C(=O)NC(CO)C(=O)N1CCCC1C(=O)NC(CC1=CC=CC=C1)C(O)=O,304.38196
273,-1.0552864,2.3265915,OCC1OC(OC2C(O)C(O)C(COC(=O)\C=C\C3=CC=C(O)C=C3)OC2OC2=CC3=C(OC4OC(CO)C(O)C(O)C4O)C=C(O)C=C3[O+]=C2C2=CC=C(O)C=C2)C(O)C(O)C1O,118.36157
274,-0.4372022,2.870232,CC(CCC1=C(C)C2C(CC3C4CCC5CC(CCC5(C)C4CCC23C)OC2OC(CO)C(O)C(O)C2OC2OC(CO)C(O)C(O)C2O)O1)COC1OC(CO)C(O)C(O)C1O,600.6182
275,-0.40560687,2.7771752,CC(CCC1(O)OC2CC3C4CCC5=CC(CCC5(C)C4CCC3(C)C2C1C)OC1OC(CO)C(O)C(O)C1OC1OC(C)C(O)C(O)C1O)COC1OC(CO)C(O)C(O)C1O,16.105896
276,-0.29282758,2.9119177,CC1C2C(CC3C4CCC5CC(OC6OC(CO)C(OC7OC(C)C(O)C(O)C7O)C(O)C6OC6OC(C)C(O)C(O)C6O)C(O)CC5(C)C4CCC23C)OC11CCC(CO)CO1,19.04358
277,-0.32717144,2.940517,CC1C2C(CC3C4CCC5CC(OC6OC(CO)C(OC7OC(C)C(O)C(O)C7O)C(O)C6OC6OC(CO)C(O)C(O)C6O)C(O)CC5(C)C4CCC23C)OC11CCC(C)CO1,357.2845
278,-0.4404681,2.792648,CC(CCC1(O)OC2CC3C4CC=C5CC(CCC5(C)C4CCC3(C)C2C1C)OC1OC(CO)C(OC2OC(C)C(O)C(O)C2O)C(O)C1O)COC1OC(CO)C(O)C(O)C1O,151.7127
279,-0.44468257,2.7817192,CC(CCC1(O)OC2CC3C4CC=C5CC(CCC5(C)C4CCC3(C)C2C1C)OC1OC(CO)C(O)C(O)C1OC1OC(C)C(O)C(O)C1O)COC1OC(CO)C(O)C(O)C1O,6.805542
280,-0.40423015,2.839423,CC(CCC1=C(C)C2C(CC3C4CCC5CC(OC6OC(CO)C(O)C(O)C6OC6OC(C)C(O)C(O)C6O)C(O)CC5(C)C4CCC23C)O1)COC1OC(CO)C(O)C(O)C1O,316.2613
281,-0.43542457,2.8845146,COC1(CCC(C)COC2OC(CO)C(O)C(O)C2O)OC2CC3C4CC(OC5OC(C)C(O)C(OC6OCC(O)C(O)C6O)C5O)C5CC(=O)CCC5(C)C4CCC3(C)C2C1C,52.520203
282,-0.47832367,2.927398,CC1C2C(CC3C4CC(=O)C5CC(CCC5(C)C4CCC23C)OC2OC(COC3OCC(O)C(O)C3O)C(O)C(O)C2O)OC11CC(OC2OC(CO)C(O)C(O)C2O)C(C)CO1,17.106415
283,-0.14880344,1.6131535,CCC(C)C1NC(=O)CNC(=O)C2CC3=C(NC4=CC(O)=CC=C34)S(=O)CC(NC(=O)CNC1=O)C(=O)NC(CC(N)=O)C(=O)N1CC(O)CC1C(=O)NC(C(C)C(C)O)C(=O)N2,458.66006
284,-1.0199357,2.2684762,CC1OC(OC2=C(OC3=CC(OC4OC(CO)C(O)C(O)C4O)=CC(O)=C3C2=O)C2=CC=C(O)C=C2)C(OC2OC(COC(=O)\C=C\C3=CC=C(O)C=C3)C(O)C(O)C2O)C(O)C1O,90.18123
285,-1.0427287,2.2916942,OCC1OC(OC2=CC=C(C=C2)C2=CC(=O)C3=C(O2)C=C(O)C(C2OC(CO)C(O)C(O)C2OC2OC(COC(=O)\C=C\C4=CC=C(O)C=C4)C(O)C(O)C2O)=C3O)C(O)C(O)C1O,112.55516
286,-1.0161173,2.2759147,CC1OC(OC2=C(OC3=CC(O)=CC(O)=C3C2=O)C2=CC=C(O)C=C2)C(OC2OC(COC(=O)\C=C\C3=CC=C(OC4OC(CO)C(O)C(O)C4O)C=C3)C(O)C(O)C2O)C(O)C1O,83.579056
287,-1.0138584,2.2518482,CC1OC(OC2C(OC3=C(OC4=CC(OC5OC(CO)C(O)C(O)C5OC(=O)\C=C\C5=CC=C(O)C=C5)=CC(O)=C4C3=O)C3=CC=C(O)C=C3)OC(CO)C(O)C2O)C(O)C(O)C1O,30.17453
288,-1.0018344,2.5504882,CC1OC(OCC2OC(OC3=C(OC4=CC(O)=CC(O)=C4C3=O)C3=CC=C(O)C=C3)C(OC3OC(C)C(O)C(OC4OC(CO)C(O)C(O)C4O)C3O)C(O)C2O)C(O)C(O)C1O,49.50844
289,-1.0183825,2.5534546,CC1OC(OC2C(O)C(C)OC(OC3=CC(O)=C4C(=O)C(OC5OC(COC6OC(CO)C(O)C(O)C6O)C(O)C(O)C5O)=C(OC4=C3)C3=CC=C(O)C=C3)C2O)C(O)C(O)C1O,34.73236
290,-1.0592943,2.640832,CC1=CC2=C(C(=O)C3=C(C=CC=C3O)C2=O)C(OC2OC(COC3OC(CO)C(O)C(OC4OC(COC5OC(CO)C(O)C(O)C5O)C(O)C(O)C4O)C3O)C(O)C(O)C2O)=C1,70.815506
291,-0.33192998,2.9621117,CC1C2C(CC3C4CCC5CC(CCC5(C)C4CCC23C)OC2OC(CO)C(OC3OC(CO)C(O)C(O)C3OC3OC(CO)C(O)C(O)C3O)C(O)C2O)OC11CCC(C)CN1,124.14575
292,-0.86419755,0.72050524,CC(C)(COP(O)(=O)OP(O)(=O)OC[C@H]1O[C@H]([C@H](O)[C@@H]1OP(O)(O)=O)N1C=NC2=C(N)N=CN=C12)C(O)C(=O)NCCC(=O)NCCSC(=O)CC1=CC=C(O)C=C1,2.5462494
293,-0.4414301,2.8343568,CC1C2C(CC3C4CC=C5CC(OC6OC(CO)C(O)C(OC7OC(CO)C(O)C(O)C7O)C6OC6OC(C)C(O)C(O)C6O)C(O)CC5(C)C4CCC23C)OC11CCC(C)CO1,15.30249
294,-0.5106633,2.7926698,CC1C2C(CC3C4CC=C5CC(CCC5(C)C4CCC23C)OC2OC(CO)C(OC3OC(C)C(O)C(O)C3O)C(O)C2OC2OC(CO)C(O)C(O)C2O)OC11CCC(C)(CO)O1,251.80408
295,0.20259231,1.4882506,NC(CCCN=C(N)N)C(=O)NC(CC1=CN=CN1)C(=O)NC(CC1=CC=CC=C1)C(=O)NC(CC1=CNC2=CC=CC=C12)C(=O)NC(CCC(N)=O)C(=O)NC(CCC(N)=O)C(O)=O,69.13803
296,0.24712414,1.3506418,CSCCC(NC(=O)C(CC1=CC=CC=C1)NC(=O)CNC(=O)CNC(=O)C(N)CC1=CC=C(O)C=C1)C(=O)NC(CCCN=C(N)N)C(=O)NCC(=O)NC(CC(C)C)C(O)=O,181.31894
297,-0.7292624,0.8589745,CC(C)(COP(O)(=O)OP(O)(=O)OCC1OC(C(O)C1OP(O)(O)=O)N1C=NC2=C1N=CN=C2N)C(O)C(=O)NCCC(=O)NCCSC(=O)CCC1=CC=CC=C1,61.08075
298,-0.93880534,0.6332315,[H][C@](O)(C(=O)NCCC(=O)NCCSC(=O)C[C@](C)(O)C(O)=O)C(C)(C)COP(O)(=O)OP(O)(=O)OC[C@H]1O[C@H]([C@@H](O)C1OP(O)(O)=O)N1C=NC2=C1N=CN=C2N,83.226685
299,0.06299017,1.7107638,CC(C)C1NC(=O)C(NC(=O)C(CC2=CNC3=C2C=CC=C3)NC(=O)C2CCCN2C(=O)C2CCC(=O)N2)N2C=C(CC(NC(=O)C(CO)NC(=O)CNC1=O)C(O)=O)C1=C2C=CC=C1,43.48401
300,-0.18746562,2.1267483,CC(NC(=O)C(CCCCN)NC(=O)CCC(NC(=O)C(C)NC(=O)C(C)OC1C(NC(O)=O)C(O)OC(CO)C1OC1OC(CO)C(O)C(O)C1CC(C)=O)C(N)=O)C(O)=O,189.18832
301,-0.7812952,0.7113992,CC(C)(COP(O)(=O)OP(O)(=O)OC[C@H]1O[C@H]([C@H](O)[C@@H]1OP(O)(O)=O)N1C=NC2=C1N=CN=C2N)[C@@H](O)C(=O)NCCC(=O)NCCSC(=O)CCCCC(O)=O,145.8137
302,-0.7492072,0.7689519,COC(=O)CCCC(=O)SCCNC(=O)CCNC(=O)C(O)C(C)(C)COP(O)(=O)OP(O)(=O)OCC1OC(C(O)C1OP(O)(O)=O)N1C=NC2=C1N=CN=C2N,18.45462
303,-1.0561918,2.6658525,COC1=CC(OC2OC(COC3OC(CO)C(O)C(OC4OC(COC5OC(CO)C(O)C(O)C5O)C(O)C(O)C4O)C3O)C(O)C(O)C2O)=C2C(O)=C(C(C)=O)C(C)=CC2=C1,40.135162
304,-0.41490084,0.7959528,CCCCCCCC(=O)SCCNC(=O)CCNC(=O)C(O)C(C)(C)COP(O)(=O)OP(O)(=O)OCC1OC(C(O)C1OP(O)(O)=O)N1C=NC2=C(N)N=CN=C12,17.768585
305,-0.4753818,0.73120713,CCCC(CCC)C(=O)SCCNC(=O)CCNC(=O)C(O)C(C)(C)COP(O)(=O)OP(O)(=O)OC[C@H]1O[C@H]([C@H](O)[C@@H]1OP(O)(O)=O)N1C=NC2=C1N=CN=C2N,186.16675
306,-0.53495175,0.7185142,CCCC(CCC)C(=O)SCCN=C(O)CCN=C(O)C(O)C(C)(C)COP(O)(=O)OP(O)(=O)OC[C@@H]1O[C@@H]([C@@H](O)[C@H]1OP(O)(O)=O)N1C=NC2=C(N)N=CN=C12,60.257324
307,-1.006144,0.75235975,CC(C)=CC(O)CC(=O)SCCN=C(O)CCN=C(O)[C@H](O)C(C)(C)COP(O)(=O)OP(O)(=O)OC[C@H]1O[C@H]([C@H](O)[C@@H]1OP(O)(O)=O)N1C=NC2=C(N)N=CN=C12,50.905525
308,-0.857272,0.69060916,O[C@H](C(C)(C)COP(=O)(O)OP(O)(=O)OC[C@H]1O[C@H]([C@H](O)[C@@H]1OP(O)(O)=O)N1C=NC2=C1N=CN=C2N)C(=O)NCCC(=O)NCCSC(=O)\C=C\CCC(O)=O,82.01648
309,-0.9340034,0.6737829,C\C(CC(=O)SCCNC(=O)CCNC(=O)[C@H](O)C(C)(C)COP(O)(=O)OP(O)(=O)OC[C@H]1O[C@H]([C@H](O)[C@@H]1OP(O)(O)=O)N1C=NC2=C1N=CN=C2N)=C/C(O)=O,28.702545
310,-0.6556515,0.69558066,CCCC(\C=C\C)C(=O)SCCN=C(O)CCN=C(O)C(O)C(C)(C)COP(O)(=O)OP(O)(=O)OC[C@@H]1O[C@@H]([C@@H](O)[C@H]1OP(O)(O)=O)N1C=NC2=C(N)N=CN=C12,23.296112
311,-0.5501967,0.66885763,CCCCC\C=C\C(=O)SCCNC(=O)CCNC(=O)C(O)C(C)(C)COP(O)(=O)OP(O)(=O)OC[C@H]1O[C@H]([C@H](O)[C@@H]1OP(O)(O)=O)N1C=NC2=C1N=CN=C2N,47.729797
312,-0.81798923,0.63294744,CCC\C(=C/CC)C(=O)SCCN=C(O)CCN=C(O)[C@@H](O)C(C)(C)COP(O)(=O)OP(O)(=O)OC[C@@H]1O[C@@H]([C@@H](O)[C@H]1OP(O)(O)=O)N1C=NC2=C(N)N=CN=C12,16.114197
313,-0.5259598,0.80364436,CCCCCC=CC(=O)SCCNC(=O)CCNC(=O)C(O)C(C)(C)COP(O)(=O)OP(O)(=O)OCC1OC(C(O)C1OP(O)(O)=O)N1C=NC2=C(N)N=CN=C12,113.35126
314,-0.6944804,0.80614305,CCCC(CC=C)C(=O)SCCN=C(O)CCN=C(O)[C@@H](O)C(C)(C)COP(O)(=O)OP(O)(=O)OC[C@@H]1O[C@@H]([C@@H](O)[C@H]1OP(O)(O)=O)N1C=NC2=C(N)N=CN=C12,18.330505
315,-0.7091417,0.7507042,CC(C)(COP(O)(=O)OP(O)(=O)OC[C@H]1O[C@H]([C@H](O)[C@@H]1OP(O)(O)=O)N1C=NC2=C1N=CN=C2N)C(O)C(=O)NCCC(=O)NCCSC(=O)C1=CCCCC1O,142.50223
316,-0.98522675,0.78104615,CC(C)=CC(=O)CC(=O)SCCN=C(O)CCN=C(O)[C@H](O)C(C)(C)COP(O)(=O)OP(O)(=O)OC[C@H]1O[C@H]([C@H](O)[C@@H]1OP(O)(O)=O)N1C=NC2=C(N)N=CN=C12,18.455017
317,-0.8596693,0.6467458,CC[CH]C(\C=C\C)C(=O)SCCN=C(O)CCN=C(O)C(O)C(C)(C)COP(O)(=O)OP(O)(=O)OC[C@@H]1O[C@@H]([C@@H](O)[C@H]1OP(O)(O)=O)N1C=NC2=C(N)N=CN=C12,77.31117
318,-1.0765034,2.291999,OCC1OC(OC2=C3C=C(OC4OC(COC(=O)\C=C\C5=CC=C(O)C=C5)C(O)C(O)C4OC4OCC(O)C(O)C4O)C(=[O+]C3=CC(O)=C2)C2=CC=C(O)C(O)=C2)C(O)C(O)C1O,28.87461
319,-0.6426436,0.66493076,CCC\C=C\C=C\C(=O)SCCNC(=O)CCNC(=O)C(O)C(C)(C)COP(=O)(O)OP(=O)(O)OC[C@H]1O[C@H]([C@H](O)[C@@H]1OP(O)(=O)O)N1C=NC2=C1N=CN=C2N,64.77066
320,-0.7719121,0.73391056,CC(C)(COP(O)(=O)OP(O)(=O)OC[C@H]1O[C@H]([C@H](O)[C@@H]1OP(O)(O)=O)N1C=NC2=C1N=CN=C2N)C(O)C(=O)NCCC(=O)NCCSC(=O)C1=CCCCC1=O,147.92438
321,-0.40839195,2.7749033,CC(CCC1(O)OC2CC3C4CC=C5CC(O)CC(OC6OCC(O)C(O)C6OC6OC(C)C(O)C(O)C6O)C5(C)C4CCC3(C)C2C1C)COC1OC(CO)C(O)C(O)C1O,6.51593
322,-0.43483368,2.8844347,CC(CCC1=C(C)C2C(CC3C4CCC5CC(OC6OC(COC7OCC(O)C(O)C7O)C(O)C(O)C6O)C(O)CC5(C)C4CCC23C)O1)COC1OC(CO)C(O)C(O)C1O,215.35364
323,-0.35479197,2.9304469,CC1C2C(CC3C4CCC5CC(OC6OC(CO)C(O)C(OC7OCC(O)C(O)C7O)C6OC6OC(CO)C(O)C(O)C6O)C(O)CC5(C)C4CCC23C)OC11CCC(C)CO1,56.867188
324,0.31700528,1.4472272,CCNC(CC(C)C)C(=O)NC(=O)C(CC1=CN=CN1)NC(=O)CNC(=O)C(NC(=O)C(C)NC(=O)C(CC1=CNC2=CC=CC=C12)NC(=O)C(CC1=CN=CN1)NC(C)=O)C(C)C,213.73212
325,-0.6574683,0.78204435,CCC\C=C/C=C/C(=O)SCCNC(=O)CCNC(=O)C(O)C(C)(C)COP(=O)(O)OP(=O)(O)OC[C@H]1OC([C@H](O)[C@@H]1CP(O)(O)=O)N1C=NC2=C(N)N=CN=C12,63.243042
326,-1.021642,0.78231007,CC(C)(CO[P@](O)(=O)O[P@](O)(=O)OC[C@H]1O[C@H]([C@H](O)[C@@H]1OP(O)(O)=O)N1C=NC2=C(N)N=CN=C12)[C@@H](O)C(=O)NCCC(=O)NCCSC(=O)C1=CC=C(O)C=C1,19.479347
327,-0.94526,0.7354593,[H][C@](O)(C(=O)NCCC(=O)NCCSC(=O)C1=CC=C(O)C=C1)C(C)(C)COP(O)(=O)OP(O)(=O)OC[C@H]1O[C@H]([C@@H](O)C1OP(O)(O)=O)N1C=NC2=C1N=CN=C2N,39.131264
328,-0.9778063,0.7418234,CC(C)(COP(O)(=O)OP(O)(=O)OC[C@H]1O[C@H]([C@H](O)[C@@H]1OP(O)(O)=O)N1C=NC2=C1N=CN=C2N)[C@@H](O)C(=O)NCCC(=O)NCCSC(=O)C1=CC=CC=C1O,58.901405
329,-0.43203127,2.898919,CC1C2C(CC3C4CCC5CC(OC6OC(CO)C(O)C(OC7OCC(O)C(O)C7O)C6OC6OC(CO)C(O)C(O)C6O)C(O)CC5(C)C4CCC23C)OC11CCC(=C)CO1,99.29968
330,-0.476953,2.7988546,CC(CCC1=C(C)C2C(CC3C4CC(=O)C5CC(CCC5(C)C4CCC23C)OC2OC(COC3OCC(O)C(O)C3O)C(O)C(O)C2O)O1)COC1OC(CO)C(O)C(O)C1O,232.61496
331,-0.37468222,2.8766873,CC1C2C(CC3C4CCC5CC(CCC5(C)C4CC(=O)C23C)OC2OC(CO)C(O)C(OC3OCC(O)C(O)C3O)C2OC2OC(CO)C(O)C(O)C2O)OC11CCC(C)CO1,189.6095
332,-0.37672752,2.9126287,CC1C2C(CC3C4CCC5CC(CCC5(C)C4CC(=O)C23C)OC2OC(COC3OCC(O)C(O)C3O)C(O)C(O)C2OC2OC(CO)C(O)C(O)C2O)OC11CCC(C)CO1,177.0711
333,-0.89165586,0.74271905,CC(C)(COP(O)(=O)OP(O)(=O)OC[C@H]1O[C@H]([C@H](O)[C@@H]1OP(O)(O)=O)N1C=NC2=C(N)N=CN=C12)[C@@H](O)C(=O)NCCC(=O)NCCSC(=O)CC1=CC=CC=C1,88.794266
334,-0.4586544,2.837953,CC1C2C(CC3C4CCC5CC(CCC5(C)C4CC(=O)C23C)OC2OC(CO)C(O)C(OC3OCC(O)C(O)C3O)C2OC2OC(CO)C(O)C(O)C2O)OC11CCC(=C)CO1,135.51166
335,-0.91326934,0.69927406,CC(C)(COP(O)(=O)OP(O)(=O)OC[C@H]1O[C@H]([C@H](O)[C@@H]1OP(O)(O)=O)N1C=NC2=C1N=CN=C2N)C(O)C(=O)NCCC(=O)NCCSC(=O)C[C@H](O)C(O)=O,19.45057
336,-0.89553326,0.7627526,[H][C@](O)(CCC)CC(=O)SCCN=C(O)CCN=C(O)[C@]([H])(O)C(C)(C)COP(O)(=O)OP(O)(=O)OC[C@@]1([H])O[C@@]([H])(N2C=NC3=C(N)N=CN=C23)C([H])(O)[C@@]1([H])OP(O)(O)=O,43.295166
337,-0.8284613,0.69073576,CCC[C@H](O)CC(=O)SCCNC(=O)CCNC(=O)[C@H](O)C(C)(C)COP(O)(=O)OP(O)(=O)OC[C@H]1O[C@H]([C@H](O)[C@@H]1OP(O)(O)=O)N1C=NC2=C1N=CN=C2N,12.200989
338,-0.96235514,0.7549896,CC(C)[C@H](O)CC(=O)SCCN=C(O)CCN=C(O)[C@@H](O)C(C)(C)COP(O)(=O)OP(O)(=O)OC[C@@H]1O[C@@H]([C@H](O)[C@@H]1OP(O)(O)=O)N1C=NC2=C(N)N=CN=C12,67.94873
339,-0.85648793,0.6968679,CC(C)(COP(O)(=O)OP(O)(=O)OC[C@H]1O[C@H]([C@H](O)[C@@H]1OP(O)(O)=O)N1C=NC2=C1N=CN=C2N)[C@@H](O)C(=O)NCCC(=O)NCCSC(=O)CCCC(O)=O,22.835533
340,-1.0261126,0.7231832,CC[C@H](C(O)=O)C(=O)SCCN=C(O)CCN=C(O)[C@H](O)C(C)(C)COP(O)(=O)OP(O)(=O)OC[C@H]1O[C@H]([C@H](O)[C@@H]1OP(O)(O)=O)N1C=NC2=C(N)N=CN=C12,37.44037
341,-1.008525,0.73590803,CC[C@@H](C(O)=O)C(=O)SCCN=C(O)CCN=C(O)[C@H](O)C(C)(C)COP(O)(=O)OP(O)(=O)OC[C@H]1O[C@H]([C@H](O)[C@@H]1OP(O)(O)=O)N1C=NC2=C(N)N=CN=C12,32.369194
342,0.20519808,1.504109,CSCCC(NC(=O)C(CC(C)C)NC(=O)CN(C)C(=O)C(CC1=CC=CC=C1)N(C)C(=O)C(CC1=CC=CC=C1)NC(=O)C(CCC(N)=O)NC(=O)C1CCC(=O)N1)C(N)=O,101.31836
343,-0.5136262,0.6873137,CCCCCCC(=O)SCCNC(=O)CCNC(=O)C(O)C(C)(C)COP(O)(=O)OP(O)(=O)OC[C@H]1O[C@H]([C@H](O)[C@@H]1OP(O)(O)=O)N1C=NC2=C1N=CN=C2N,3.7241516
344,-0.5525178,0.7225232,CCCCC(C)C(=O)SCCNC(=O)CCNC(=O)C(O)C(C)(C)COP(O)(=O)OP(O)(=O)OC[C@H]1O[C@H]([C@H](O)[C@@H]1OP(O)(O)=O)N1C=NC2=C1N=CN=C2N,48.41971
345,-0.94830084,0.7304842,CC(C)C(=O)CC(=O)SCCN=C(O)CCN=C(O)[C@H](O)C(C)(C)COP(O)(=O)OP(O)(=O)OC[C@@H]1O[C@@H]([C@H](O)[C@@H]1OP(O)(O)=O)N1C=NC2=C(N)N=CN=C12,56.058952
346,-0.7180047,0.65947545,CCCC(=O)CC(=O)SCCNC(=O)CCNC(=O)C(O)C(C)(C)COP(O)(=O)OP(O)(=O)OC[C@H]1O[C@H]([C@H](O)[C@@H]1OP(O)(O)=O)N1C=NC2=C(N)N=CN=C12,17.551773
347,-0.8618354,0.7338742,[H][C@](O)(C(O)=NCCC(O)=NCCSC(=O)CC(=O)CCC)C(C)(C)COP(O)(=O)OP(O)(=O)OC[C@@]1([H])O[C@@]([H])(N2C=NC3=C(N)N=CN=C23)C([H])(O)[C@@]1([H])OP(O)(O)=O,7.230194
348,-0.9186174,0.73345226,CC(C)(COP(O)(=O)OP(O)(=O)OC[C@H]1O[C@H]([C@H](O)[C@@H]1OP(O)(O)=O)N1C=NC2=C1N=CN=C2N)[C@@H](O)C(=O)NCCC(=O)NCCSC(=O)\C=C\CC(O)=O,22.94487
349,-1.0225933,0.7044096,C\C(=C/C(O)=O)C(=O)SCCN=C(O)CCN=C(O)[C@H](O)C(C)(C)COP(O)(=O)OP(O)(=O)OC[C@H]1O[C@H]([C@H](O)[C@@H]1OP(O)(O)=O)N1C=NC2=C(N)N=CN=C12,37.20153
350,-0.82669353,0.6964828,CC(C)(COP(O)(=O)OP(O)(=O)OC[C@H]1O[C@H]([C@H](O)[C@@H]1OP(O)(O)=O)N1C=NC2=C(N)N=CN=C12)C(O)C(=O)NCCC(=O)NCCSC(=O)CC(=C)C(O)=O,1.720581
351,-0.8077827,0.8252116,CCCC=C(C)C(=O)SCCN=C(O)CCN=C(O)C(O)C(C)(C)COP(O)(=O)OP(O)(=O)OCC1OC(C(O)C1OP(O)(O)=O)N1C=NC2=C(N)N=CN=C12,51.34932
352,0.23113358,1.3559124,CSCCC(NC(=O)C(CC1=CC=CC=C1)NC(=O)CNC(=O)CNC(=O)C(N)CC1=CC=C(O)C=C1)C(=O)NC(CCCN=C(N)N)C(=O)NC(CC1=CC=CC=C1)C(O)=O,52.474564
353,-0.5523473,2.6450925,CC1OC(OC2CCC3(CO)C4CCC5(C)C(CCC5(O)C4CCC3(O)C2)C2=CC(=O)OC2)C(O)C(O)C1OC1OC(CO)C(OC2OC(CO)C(O)C(O)C2O)C(O)C1O,0.47842407
354,0.21868399,1.9450425,[H][C@](N)(CC1=CC=C(O)C=C1)C(=O)N1CCC[C@@]1([H])C(O)=N[C@]([H])(CCC(O)=N)C(=O)N1CCC[C@@]1([H])C(O)=N[C@@]([H])(CCC(O)=N)C(=O)N1CCC[C@]1([H])C(O)=N[C@]([H])(CC1=CC=CC=C1)C(O)=O,45.884033
355,0.17477202,1.3756179,CC(C)[C@@H](NC(=O)[C@H](C)NC(=O)[C@H](CC1=CNC2=CC=CC=C12)NC(=O)[C@@H](CC1=CNC=N1)NC(=O)[C@@H](CC(O)=N)NC(=O)CN)C(=O)NCC(=O)N[C@H](CC1=CNC=N1)C(O)=N,23.229279
356,0.05619837,1.7259381,CC(C)C1NC(=O)C(NC(=O)C(CC2=CC=C(O)C=C2)NC(=O)C2CCCN2C(=O)C2CCC(=O)N2)N2C=C(CC(NC(=O)C(CO)NC(=O)CNC1=O)C(O)=O)C1=C2C=CC=C1,67.93579
357,-0.75894076,0.6936048,CC(C)(COP(O)(=O)OP(O)(=O)OC[C@H]1O[C@H]([C@H](O)[C@@H]1OP(O)(O)=O)N1C=NC2=C1N=CN=C2N)C(O)C(=O)NCCC(=O)NCCSC(=O)C1=CCCC=C1,0.7958069
358,0.26092875,1.4847419,CCC(C)C(NC(=O)C(CC1=CC=C(O)C=C1)NC(=O)C(NC(=O)C(CCCN=C(N)N)NC(=O)C(N)CC(O)=O)C(C)C)C(=O)NC(CC1=CN=CN1)C(=O)NC(C)C(O)=O,276.20972
359,-0.921751,0.7328294,CC(C)(COP(O)(=O)OP(O)(=O)OC[C@H]1O[C@H]([C@H](O)[C@@H]1OP(O)(O)=O)N1C=NC2=C1N=CN=C2N)[C@@H](O)C(=O)NCCC(=O)NCCSC(=O)C1=CC=CC=C1,57.78479
360,-0.83415484,0.84138066,CC(C)(COP(O)(=O)OP(O)(=O)OCC1OC(C(O)C1OP(O)(O)=O)N1C=NC2=C1N=CN=C2N)C(O)C(=O)NCCC(=O)NCCSC(=O)C1=CC=CC=C1,7.6608276
361,-1.3614367,0.4970535,O[C@@H]1[C@@H](COP(O)(=O)OP(O)(=O)OP(O)(=O)OP(O)(=O)OC[C@H]2O[C@H]([C@H](O)[C@@H]2O)N2C=NC3=C2NC(=O)NC3=O)O[C@H]([C@@H]1O)N1C=NC2=C1NC(=O)NC2=O,24.87259
362,0.34472865,1.7409006,CC(C)CC(NC(=O)C1CCCN1C(=O)C(CO)NC(=O)C(CC1=CC=CC=C1)NC(=O)CNC(=O)C1CCCN1C(=O)C1CCCN1C(=O)C(N)CCCN=C(N)N)C(O)=O,302.59827
363,-1.3394964,1.2916001,CC(=O)NC1CSSCC(NC(=O)C(CC(O)=O)NC(=O)CNC(=O)C(CC2=CC=C(CN)C=C2)NC(=O)C2N(CSC2(C)C)C(=O)C(CC(N)=O)NC1=O)C(O)=O,34.954872
364,-1.0424879,2.9007177,CC(=O)NC1C(O)C(OC2OC(CO)C(O)C(OC3OC(CO)C(O)C(O)C3O)C2O)C(CO)OC1OC1C(O)C(CO)OC(OC2C(O)C(O)C(O)OC2CO)C1O,104.89531
365,-0.06407089,2.5025163,CCCCCCCCCCCCCC=CC(O)C(COC1OC(CO)C(OC2OC(CO)C(OC3OC(CO)C(O)C(O)C3NC(C)=O)C(O)C2O)C(O)C1O)NC(C)=O,434.85034
366,-0.6674664,2.400243,CC(=O)OC(C)(C)CCC(=O)C(C)(O)C1C(O)CC2(C)C3CCC4=C(C)C(O)=C(OC5OC(COC6OC(CO)C(O)C(O)C6O)C(O)C(O)C5O)C=C4C3(C)C(=O)CC12C,18.03476
367,0.29099563,1.4175433,CC(NC(=O)C(CCCCN)NC(=O)C(N)CCC(O)=O)C(=O)NC(CC1=CN=CN1)C(=O)NC(CC(O)=O)C(=O)NCC(=O)NCC(=O)NC(CCCN=C(N)N)C(O)=O,198.98209
368,-0.33299133,2.868704,CC1C2CCC(C)CN2C2CC3C4CC=C5CC(CCC5(C)C4CCC3(C)C12)OC1OC(CO)C(O)C(OC2OC(CO)C(O)C(O)C2O)C1OC1OC(C)C(O)C(O)C1O,515.6808
369,-0.9056052,0.6302927,CC(C)(O)CC(=O)SCCNC(=O)CCNC(=O)C(O)C(C)(C)COP(O)(=O)OP(O)(=O)OC[C@H]1O[C@H]([C@H](O)[C@@H]1OP(O)(O)=O)N1C=NC2=C1N=CN=C2N,2.1795578
370,-0.9574646,0.6005351,C[C@H](O)[C@H](C)C(=O)SCCNC(=O)CCNC(=O)[C@H](O)C(C)(C)COP(O)(=O)OP(O)(=O)OC[C@H]1O[C@H]([C@H](O)[C@@H]1OP(O)(O)=O)N1C=NC2=C1N=CN=C2N,8.633446
371,-0.84653854,0.7453233,CC(C(O)=O)C(=O)SCCNC(=O)CCNC(=O)C(O)C(C)(C)COP(O)(=O)OP(O)(=O)OCC1OC(C(O)C1OP(O)(O)=O)N1C=NC2=C1N=CN=C2N,36.01761
372,-0.9041332,0.64465326,C[C@@H](C(O)=O)C(=O)SCCNC(=O)CCNC(=O)C(O)C(C)(C)COP(O)(=O)OP(O)(=O)OC[C@H]1O[C@H]([C@H](O)[C@@H]1OP(O)(O)=O)N1C=NC2=C1N=CN=C2N,37.904182
373,-0.98633564,0.74033433,C[C@@H](C(O)=O)C(=O)SCCNC(=O)CCNC(=O)[C@H](O)C(C)(C)COP(O)(=O)OP(O)(=O)OCC1OC([C@H](O)[C@@H]1OP(O)(O)=O)N1C=NC2=C(N)N=CN=C12,3.838272
374,-0.97629654,0.8253701,C[C@H](C(O)=O)C(=O)SCCNC(=O)CCNC(=O)[C@H](O)C(C)(C)COP(O)(=O)OP(O)(=O)OCC1OC(C(O)C1OP(O)(O)=O)N1C=NC2=C(N)N=CN=C12,27.94181
375,-0.9099661,0.65822893,CC(C)(COP(O)(=O)OP(O)(=O)OC[C@H]1O[C@H]([C@H](O)[C@@H]1OP(O)(O)=O)N1C=NC2=C1N=CN=C2N)[C@@H](O)C(=O)NCCC(=O)NCCSC(=O)CCC(O)=O,1.1772232
376,-0.6886246,0.7147036,[H][C@](O)(C(O)=NCCC(O)=NCCSC(=O)CCCCC)C(C)(C)COP(O)(=O)OP(O)(=O)OC[C@@]1([H])O[C@@]([H])(N2C=NC3=C(N)N=CN=C23)C([H])(O)[C@@]1([H])OP(O)(O)=O,22.446411
377,-0.64754635,0.68222976,CCCCCC(=O)SCCNC(=O)CCNC(=O)[C@H](O)C(C)(C)COP(O)(=O)OP(O)(=O)OC[C@H]1O[C@H]([C@H](O)[C@@H]1OP(O)(O)=O)N1C=NC2=C1N=CN=C2N,1.5641174
378,-0.9555939,0.6069339,C[C@@H](C(C)=O)C(=O)SCCNC(=O)CCNC(=O)[C@H](O)C(C)(C)COP(O)(=O)OP(O)(=O)OC[C@H]1O[C@H]([C@H](O)[C@@H]1OP(O)(O)=O)N1C=NC2=C1N=CN=C2N,12.558334
379,-1.0741218,2.3492386,OC1COC(OC2C(O)C(O)C(COC3OC(COC(=O)C4=CC=C(O)C=C4)C(O)C(O)C3O)OC2OC2=CC3=C(O)C=C(O)C=C3[O+]=C2C2=CC=C(O)C(O)=C2)C(O)C1O,36.503662
380,-0.711603,0.5875565,CCC\C=C\C(=O)SCCNC(=O)CCNC(=O)C(O)C(C)(C)COP(O)(=O)OP(O)(=O)OC[C@H]1O[C@H]([C@H](O)[C@@H]1OP(O)(O)=O)N1C=NC2=C1N=CN=C2N,89.30563
381,-0.7130881,0.66081536,CC\C=C\CC(=O)SCCNC(=O)CCNC(=O)C(O)C(C)(C)COP(O)(=O)OP(O)(=O)OC[C@H]1O[C@H]([C@H](O)[C@@H]1OP(O)(O)=O)N1C=NC2=C(N)N=CN=C12,13.538666
382,-0.27234918,2.6535537,CC(C)C(O)(CCC(C)C1C(O)CC2(C)C3CCC4C5(CC35CCC12C)C(O)CC(O)C4(C)C(=O)OC1OC(CO)C(O)C(O)C1O)COC1OC(CO)C(O)C(O)C1O,83.83719
383,-0.27273047,2.629059,CC(C)C(O)(CCC(C)(O)C1CCC2(C)C3CCC4C5(CC35CCC12C)C(O)CC(O)C4(C)C(=O)OC1OC(CO)C(O)C(O)C1O)COC1OC(CO)C(O)C(O)C1O,46.432465
384,-0.44711462,2.6439013,CC1OC(CC(O)C1OC1OC(CO)C(OC2OC(CO)C(O)C(O)C2O)C(O)C1O)OC1CCC2(CO)C3CCC4(C)C(CCC4(O)C3CCC2(O)C1)C1=CC(=O)OC1,83.23248
385,-1.5681924,2.2296355,OC[C@H]1O[C@@H](O[C@@H]2[C@@H](O)[C@H](O)[C@@H](COC(=O)CC(O)=O)O[C@H]2OC2=CC3=C(C=C(O)C=C3O[C@@H]3O[C@H](CO)[C@@H](O)[C@H](O)[C@H]3O)[O+]=C2C2=CC(O)=C(O)C=C2)[C@H](O)[C@@H](O)[C@@H]1O,8.891991
386,-0.4177034,2.651226,CC1OC(CC(O)C1OC1OC(COC2OC(CO)C(O)C(O)C2O)C(O)C(O)C1O)OC1CCC2(C=O)C3CCC4(C)C(CCC4(O)C3CCC2(O)C1)C1=CC(=O)OC1,190.8984
387,0.2785905,1.5012839,CC(NC(=O)C1CCC(=O)N1)C(=O)NC(CCCCN)C(=O)NC(CO)C(=O)NC(CCC(N)=O)C(=O)NCC(=O)NCC(=O)NC(CO)C(=O)NC(CC(N)=O)C(O)=O,64.88458
388,-0.90194786,2.0151784,COC1=C([O-])C=CC(\C=C\C(=O)OC2(CO)COC(OC3C(O)C(O)C(CO)OC3OC3=C(O)C=C4C(CC(C(O)=O)\[N+]4=C\C=C4/CC(NC(=C4)C(O)=O)C(O)=O)=C3)C2O)=C1,36.29368
389,-0.8906088,1.9897057,COC1=C([O-])C=CC(\C=C\C(=O)OCC2(O)COC(OC3C(O)C(O)C(CO)OC3OC3=C(O)C=C4C(CC(C(O)=O)\[N+]4=C\C=C4/CC(NC(=C4)C(O)=O)C(O)=O)=C3)C2O)=C1,49.579018
390,0.35740787,1.5439866,CC(O)C(NC(=O)C(CC1=CC=C(O)C=C1)NC(=O)C(CC(N)=O)NC(=O)C(NC(=O)C(NC(=O)C(NC(=O)C(CO)NC(=O)C(C)N)C(C)O)C(C)O)C(C)O)C(O)=O,116.60002
391,0.2716272,1.4037143,CSCCC(NC(=O)C(NC(=O)C(CCSC)NC(=O)C(CC1=CC=C(O)C=C1)NC(=O)C(CCCCN)NC(=O)C(N)CC1=CNC2=CC=CC=C12)C(C)C)C(O)=O,248.55301
392,-0.9620981,2.6038308,OCC1OC(OCC2OC(OC3=CC4=C(OCO4)C=C3C3OCC4C3COC4C3=CC4=C(OCO4)C=C3)C(OC3OC(CO)C(O)C(O)C3O)C(O)C2O)C(O)C(O)C1O,78.627945
393,-1.5547628,2.2400062,OC[C@H]1O[C@@H](O[C@H]2[C@H](O)[C@@H](COC(=C)CC(O)=C)O[C@@H](OC3=C([O+]=C4C=C(O)C=C(O)C4=C3)C3=CC(O)=C(O[C@@H]4O[C@H](CO)[C@@H](O)[C@H](O)[C@H]4O)C=C3)[C@@H]2O)[C@H](O)[C@@H](O)[C@@H]1O,54.045372
394,0.26521575,1.5420623,CCC(C)C(NC(=O)C(CC1=CC=C(O)C=C1)NC(=O)C(NC(=O)C(CCCN=C(N)N)NC(=O)C(C)N)C(C)C)C(=O)NC(CC1=CN=CN1)C(=O)N1CCCC1C(O)=O,245.23822
395,-0.765954,2.8287673,CC12CCCC(C)(C1C(O)C(O)C13CC(COC4OC(CO)C(O)C(O)C4O)C(O)(C1)CCC23)C(=O)OC1OC(CO)C(O)C(O)C1OC1OC(CO)C(O)C(O)C1O,181.26462
396,-1.0064003,2.8703146,CC1OC(OC2C(NC(C)=O)C(OC3C(O)C(CO)OC(OC4C(O)C(O)C(O)OC4CO)C3O)OC(CO)C2OC2OC(CO)C(O)C(O)C2O)C(O)C(O)C1O,145.12988
397,-1.2424012,2.777893,C[C@H]1O[C@H](O[C@@H]2C(NC(C)=O)[C@H](O[C@H]3C(O)C(CO)O[C@@H](OC(C(O)CO)[C@H](O)[C@@H](O)C=O)[C@@H]3O)O[C@H](CO)C2O[C@@H]2OC(CO)C(O)C(O)[C@H]2O)C(O)[C@@H](O)[C@H]1O,77.19017
398,-1.6095006,2.7116175,C[C@@H]1O[C@@H](O[C@@H]2[C@@H](NC(C)=O)[C@H](O[C@H]3[C@@H](O)[C@@H](CO)O[C@@H](O[C@H]([C@H](O)CO)[C@H](O)[C@@H](O)C=O)[C@@H]3O)O[C@H](CO)[C@H]2O[C@@H]2O[C@H](CO)[C@H](O)[C@H](O)[C@H]2O)[C@@H](O)[C@H](O)[C@@H]1O,49.934402
399,-1.6046108,2.7180064,C[C@@H]1O[C@@H](O[C@@H]2[C@@H](CO)O[C@@H](O[C@H]3[C@@H](O)[C@@H](CO)O[C@@H](O[C@H]([C@H](O)CO)[C@H](O)[C@@H](O)C=O)[C@@H]3O)[C@H](NC(C)=O)[C@H]2O[C@@H]2O[C@H](CO)[C@H](O)[C@H](O)[C@H]2O)[C@@H](O)[C@H](O)[C@@H]1O,19.673325
400,-1.5085206,2.7167,C[C@@H]1O[C@@H](OC2[C@@H](O)[C@@H](O)[C@@H](CO)O[C@H]2OC2[C@H](O)[C@@H](CO)O[C@@H](O[C@H]3[C@@H](O)[C@@H](CO)O[C@@H](O[C@H]([C@H](O)CO)[C@H](O)[C@@H](O)C=O)[C@@H]3O)[C@@H]2NC(C)=O)[C@@H](O)[C@H](O)[C@@H]1O,4.1722717
401,-1.3198824,2.8104918,C[C@@H]1O[C@@H](OC([C@@H](O)C=O)[C@H](O[C@@H]2O[C@H](CO)[C@H](O)[C@H](OC3O[C@H](CO)[C@@H](O)C(OC4O[C@H](CO)C(O)C(O)[C@H]4O)[C@H]3NC(C)=O)[C@H]2O)C(O)CO)[C@@H](O)C(O)C1O,73.80524
402,-0.8385418,0.8148949,CC(CO)C(=O)SCCNC(=O)CCNC(=O)C(O)C(C)(C)COP(O)(=O)OP(O)(=O)OCC1OC(C(O)C1OP(O)(O)=O)N1C=NC2=C(N)N=CN=C12,17.930817
403,-0.93393993,0.67020094,C[C@@H](O)CC(=O)SCCNC(=O)CCNC(=O)[C@H](O)C(C)(C)COP(O)(=O)OP(O)(=O)OC[C@H]1O[C@H]([C@H](O)[C@@H]1OP(O)(O)=O)N1C=NC2=C1N=CN=C2N,29.002815
404,-0.9440101,0.67713535,[H][C@@](C)(O)CC(=O)SCCN=C(O)CCN=C(O)C([H])(O)C(C)(C)COP(O)(=O)OP(O)(=O)OC[C@@]1([H])O[C@@]([H])(N2C=NC3=C(N)N=CN=C23)[C@]([H])(O)[C@]1([H])OP(O)(O)=O,72.87663
405,-0.9759185,0.7128075,CC(C)(COP(O)(=O)OP(O)(=O)OC[C@H]1O[C@H]([C@H](O)[C@@H]1OP(O)(O)=O)N1C=NC2=C1N=CN=C2N)[C@@H](O)C(=O)NCCC(=O)NCCSC(=O)CC(O)=O,18.077736
406,-0.7913167,0.62783545,CC(N)CC(=O)SCCNC(=O)CCNC(=O)C(O)C(C)(C)COP(O)(=O)OP(O)(=O)OC[C@H]1O[C@H]([C@H](O)[C@@H]1OP(O)(O)=O)N1C=NC2=C1N=CN=C2N,58.66971
407,-1.3462156,0.49530482,NC1=NC(=O)C2=C(N1)N(C=N2)[C@@H]1O[C@H](COP(O)(=O)OP(O)(=O)OP(O)(=O)OP(O)(=O)OC[C@H]2O[C@H]([C@H](O)[C@@H]2O)N2C=NC3=C(N)N=CN=C23)[C@@H](O)[C@H]1O,24.0845
408,-0.66830206,0.6305772,CCCCC(=O)SCCNC(=O)CCNC(=O)C(O)C(C)(C)COP(O)(=O)OP(O)(=O)OC[C@H]1O[C@H]([C@H](O)[C@@H]1OP(O)(O)=O)N1C=NC2=C1N=CN=C2N,184.57092
409,-0.8123976,0.66428506,CC(C)CC(=O)SCCNC(=O)CCNC(=O)[C@H](O)C(C)(C)COP(O)(=O)OP(O)(=O)OC[C@H]1O[C@H]([C@H](O)[C@@H]1OP(O)(O)=O)N1C=NC2=C1N=CN=C2N,53.803436
410,-1.0333437,0.7312689,[H][C@](O)(C(O)=NCCC(O)=NCCSC(=O)CC(C)=O)C(C)(C)COP(O)(=O)OP(O)(=O)OC[C@@]1([H])O[C@@]([H])(N2C=NC3=C(N)N=CN=C23)[C@]([H])(O)[C@]1([H])OP(O)(O)=O,65.20415
411,-0.8819716,0.559112,C\C=C(/C)C(=O)SCCNC(=O)CCNC(=O)[C@H](O)C(C)(C)COP(O)(=O)OP(O)(=O)OC[C@H]1O[C@H]([C@H](O)[C@@H]1OP(O)(O)=O)N1C=NC2=C1N=CN=C2N,54.155678
412,-0.9172097,0.81852573,CC=C(C)C(=O)SCCN=C(O)CCN=C(O)C(O)C(C)(C)COP(O)(=O)OP(O)(=O)OCC1OC(C(O)C1OP(O)(O)=O)N1C=NC2=C(N)N=CN=C12,44.592392
413,-0.8673598,0.7795445,CCC=CC(=O)SCCN=C(O)CCN=C(O)C(O)C(C)(C)COP(O)(=O)OP(O)(=O)OCC1OC(C(O)C1OP(O)(O)=O)N1C=NC2=C(N)N=CN=C12,20.347916
414,0.22367233,1.3839008,CC(NC(=O)C(N)CC1=CNC2=CC=CC=C12)C(=O)NCC(=O)NCC(=O)NC(CC(O)=O)C(=O)NC(C)C(=O)NC(CO)C(=O)NCC(=O)NC(CCC(O)=O)C(O)=O,43.510025
415,0.06541031,1.3118465,CSCC[C@@H](NC(=O)[C@H](CC1=CC=CC=C1)NC(=O)[C@@H](CC1=CNC=N1)NC(=O)CNC(=O)[C@H](NC(=O)[C@@H](C)NC(=O)[C@H](N)CC1=CNC2=CC=CC=C12)[C@@H](C)O)C(O)=N,7.998764
416,-0.2359383,1.119821,CCC(C)C(\N=C(/O)C(N)CC1=CC=C(OS(O)(=O)=O)C=C1)C(\O)=N\C(CC1=CC=C(OS(O)(=O)=O)C=C1)C(\O)=N\C(C(C)O)C(\O)=N\C(CCC(O)=N)C(O)=O,37.87381
417,-0.8380011,2.9405742,CC(=O)NC1C(O)OC(CO)C(O)C1COC1OC(C(COCC2OC(CO)C(O)C(COC3OC(C(O)C(O)C3O)C(O)=O)C2NC(C)=O)C(O)C1(C)O)C(O)=O,151.7447
418,-0.21100684,2.6645634,CC(C)C(O)(CCC(C)C1CCC2(C)C3CCC4C5(CC35CCC12C)C(O)CC(O)C4(C)C(=O)OC1OC(CO)C(O)C(O)C1O)COC1OC(CO)C(O)C(O)C1O,20.068115
419,-0.9613493,2.6916325,COC1=C(O)C=CC(=C1)C1OCC2C1COC2C1=CC(OC)=C(OC2OC(COC3OC(CO)C(O)C(O)C3O)C(O)C(O)C2OC2OC(CO)C(O)C(O)C2O)C=C1,114.79349
420,-0.40244478,2.753943,CC1(C)CCC2(CCC3(CO)C(=CCC4C5(C)CC(O)C(O)C(C)(C5CCC34C)C(=O)OC3OC(CO)C(O)C(O)C3O)C2C1)C(=O)OC1OC(CO)C(O)C(O)C1O,25.425201
421,-0.39104006,2.5567966,CC(C(O)C\C(C)=C(\C)C(=O)OC1OC(COC(C)=O)C(O)C(O)C1OC1OC(CO)C(O)C(O)C1O)C1CCC2C3CC=C4CC(O)CC(O)C4(C)C3C(O)CC12C,51.55066
422,-1.0039407,1.663799,CS(CCC(N)C(O)=O)(CC1OC(C(O)C1O)N1C=NC2=C1N=CN=C2N)OC(=O)CCC(NC(=O)C1=CC=C(NCC2=CN=C3N=C(N)NC(=O)C3=N2)C=C1)C(O)=O,90.40974
423,-0.92658496,0.6441257,CC(C)(COP(O)(=O)OP(O)(=O)OC[C@H]1O[C@H]([C@H](O)[C@@H]1OP(O)(O)=O)N1C=NC2=C1N=CN=C2N)[C@@H](O)C(=O)NCCC(=O)NCCSC(=O)CCO,48.95128
424,-0.940125,0.8162985,CC(C)(COP(O)(=O)OP(O)(=O)OCC1OC(C(O)C1OP(O)(O)=O)N1C=NC2=C(N)N=CN=C12)C(O)C(O)=NCCC(O)=NCCSC(=O)CCO,3.555153
425,-0.9221594,0.59535176,CC(O)C(=O)SCCNC(=O)CCNC(=O)[C@H](O)C(C)(C)COP(O)(=O)OP(O)(=O)OC[C@H]1O[C@H]([C@H](O)[C@@H]1OP(O)(O)=O)N1C=NC2=C(N)N=CN=C12,5.153015
426,-0.99014276,2.352863,COC1=CC=C(C=C1)C1=C(OC2OC(COC3OC(C)C(O)C(O)C3O)C(O)C(O)C2O)C(=O)C2=C(O1)C(CC=C(C)C)=C(OC1OC(CO)C(O)C(O)C1O)C=C2O,69.58884
427,-0.8441258,0.59477997,CC(C)(COP(O)(=O)OP(O)(=O)OC[C@H]1O[C@H]([C@H](O)[C@@H]1OP(O)(O)=O)N1C=NC2=C(N)N=CN=C12)C(O)C(=O)NCCC(=O)NCCSC(=O)CCN,12.046501
428,-0.9834675,2.860288,CC1OC(OC2C(CO)OC(O)C(NC(C)=O)C2OC2OC(CO)C(O)C(OC3OC(CO)C(O)C(O)C3O)C2OC2OC(C)C(O)C(O)C2O)C(O)C(O)C1O,251.2968
429,-0.86793715,0.5999971,CC(C)C(=O)SCCNC(=O)CCNC(=O)[C@H](O)C(C)(C)COP(O)(=O)OP(O)(=O)OC[C@H]1O[C@H]([C@H](O)[C@@H]1OP(O)(O)=O)N1C=NC2=C1N=CN=C2N,15.860382
430,-0.74875647,0.70527464,CCCC(=O)SCCNC(=O)CCNC(=O)C(O)C(C)(C)COP(O)(=O)OP(O)(=O)OCC1OC(C(O)C1OP(O)(O)=O)N1C=NC2=C1N=CN=C2N,63.452698
431,-1.3739287,0.7446783,NC1=NC=NC2=C1N=CN2C1OC(COP(O)(=O)OP(O)(=O)OP(O)(=O)OP(O)(=O)OCC2OC(C(O)C2O)N2C=NC3=C2N=CN=C3N)C(O)C1O,22.30745
432,-1.3279525,0.48956516,NC1=C2N=CN([C@@H]3O[C@H](COP(O)(=O)OP(O)(=O)OP(O)(=O)OP(O)(=O)OC[C@H]4O[C@H]([C@H](O)[C@@H]4O)N4C=NC5=C(N)N=CN=C45)[C@@H](O)[C@H]3O)C2=NC=N1,27.402458
433,-0.79630077,0.72991925,CC=CC(=O)SCCNC(=O)CCNC(=O)C(O)C(C)(C)COP(O)(=O)OP(O)(=O)OCC1OC(C(O)C1OP(O)(O)=O)N1C=NC2=C(N)N=CN=C12,15.450256
434,-0.9798332,0.6539777,[H]\C(C)=C(\[H])C(=O)SCCN=C(O)CCN=C(O)[C@]([H])(O)C(C)(C)COP(O)(=O)OP(O)(=O)OC[C@@]1([H])O[C@@]([H])(N2C=NC3=C(N)N=CN=C23)[C@]([H])(O)[C@]1([H])OP(O)(O)=O,37.911148
435,-0.9604466,0.6315654,CC(=C)C(=O)SCCNC(=O)CCNC(=O)[C@H](O)C(C)(C)COP(O)(=O)OP(O)(=O)OC[C@H]1O[C@H]([C@H](O)[C@@H]1OP(O)(O)=O)N1C=NC2=C1N=CN=C2N,57.50614
436,-1.6843957,0.8522347,COCC(O)CN(C(C)=O)C1=C(I)C(C(O)=NCC(O)CO)=C(I)C(C(O)=NCC(O)CO)=C1I,106.4634
437,-0.4696654,2.8669178,CC(C)(O)C(O)CCC(C)(OC1OC(CO)C(O)C(O)C1O)C1CCC2(C)C1C(O)CC1C3(C)CCC(O)C(C)(C)C3C(CC21C)OC1OC(CO)C(O)C(O)C1O,20.273163
438,-0.047968492,1.4386396,NC(N)=NCCCCC1NC(=O)CCSSCC(NC(=O)C2CCCN2C(=O)C(CC2=CNC3=CC=CC=C23)NC(=O)C(CC(O)=O)NC(=O)CNC1=O)C(N)=O,326.36414
439,-0.49830317,2.7474966,CC(C)(O)CCC(O)C(C)(O)C1C(O)CC2(C)C3CC=C4C(CCC(OC5OC(COC6OC(CO)C(O)C(O)C6O)C(O)C(O)C5O)C4(C)C)C3(C)C(=O)CC12C,104.59775
440,-0.088393025,2.405704,CC(C)CCCCCCCCCC=CC(=O)NC1C(O)C(O)C(CC(O)C2OC(C(O)C2O)N2C=CC(=O)NC2=O)OC1OC1OC(CO)C(O)C(O)C1NC(C)=O,405.50604
441,-0.84433985,2.3095822,COC1=C(O)C=CC(CC(COC2OC(CO)C(O)C(O)C2O)C(COC2OC(COC(=O)CC(C)(O)CC(O)=O)C(O)C(O)C2O)CC2=CC(OC)=C(O)C=C2)=C1,142.7623
442,-1.6092643,2.3782923,OC[C@H]1O[C@@H](OC[C@H]2O[C@@H](OC3=C(C=C4OCOC4=C3)[C@@H]3CO[C@@H](CO3)C3=CC=C4OCOC4=C3)[C@H](O[C@@H]3O[C@H](CO)[C@@H](O)[C@H](O)[C@H]3O)[C@@H](O)[C@@H]2O)[C@H](O)[C@@H](O)[C@@H]1O,43.959427
443,-0.3690732,2.9753797,CC1CCC2(CCC3(C)C(=CCC4C5(C)CC(O)C(O)C(C)(CO)C5C(O)CC34C)C2C1C)C(=O)OC1OC(COC2OC(CO)C(O)C(O)C2O)C(O)C(O)C1O,225.31978
444,-0.49694622,2.8125398,CC1CCC2(CCC3(C)C(=CCC4C3(C)CCC3C(C)(C)C(O)C(O)C(O)C43C)C2C1(C)O)C(=O)OC1OC(CO)C(O)C(O)C1OC1OC(CO)C(O)C(O)C1O,159.05832
445,-0.353112,2.7630918,CC1OC(CC(O)C1OC1OC(COC2OC(CO)C(O)C(O)C2O)C(O)C(O)C1O)OC1CCC2(C)C(CCC3C2CCC2(C)C(CCC32O)C2=CC(=O)OC2)C1,27.98584
446,0.113405585,1.495219,NC(CCC(=O)OC(=O)C(CCC(O)=O)(N(C(=O)CCC(N)C(O)=O)C(=O)C1=CC=C(NCC2=CN=C3N=C(N)NC(=O)C3=N2)C=C1)C(=O)CCC(N)C(O)=O)C(O)=O,88.51728
447,-1.6358017,2.7905824,OC[C@H]1O[C@H](O[C@H]2[C@H](O)[C@@H](O)[C@@H](O[C@H]3[C@H](O)[C@@H](O)[C@@H](O[C@H]4[C@H](O)[C@@H](O)[C@@H](O[C@H]5[C@H](O)[C@@H](O)[C@@H](O)O[C@@H]5CO)O[C@@H]4CO)O[C@@H]3CO)O[C@@H]2CO)[C@H](O)[C@@H](O)[C@@H]1O,77.00539
448,-1.6366738,2.7818663,OC[C@H]1O[C@H](O[C@H]2[C@H](O)[C@@H](O)[C@@H](OC[C@H]3O[C@H](O[C@H]4[C@H](O)[C@@H](O)[C@@H](O)O[C@@H]4CO)[C@H](O)[C@@H](O)[C@@H]3O[C@H]3O[C@H](CO)[C@@H](O)[C@H](O)[C@H]3O)O[C@@H]2CO)[C@H](O)[C@@H](O)[C@@H]1O,64.23833
449,-1.0536934,2.9696765,OCC1OC(CO)(OC2OC(COC3OC(COC4OC(COC5OC(CO)C(O)C(O)C5O)C(O)C(O)C4O)C(O)C(O)C3O)C(O)C(O)C2O)C(O)C1O,144.98679
450,-1.066452,2.9383776,OCC1OC(OC2C(O)C(O)C(OC3C(O)C(O)C(OC4C(O)C(O)C(OC5C(O)C(O)C(O)OC5CO)OC4CO)OC3CO)OC2CO)C(O)C(O)C1O,55.820618
451,-1.4547836,2.0202165,OC[C@@H]1O[C@@H](O[C@@H]2[C@@H](COC(=O)CC(O)=O)O[C@@H](OC3=CC(O)=C4C(=O)C=C(OC4=C3)C3=CC=C(O)C(O)=C3)[C@H](O[C@@H]3OC[C@](O)(CO)[C@H]3O)[C@H]2O)[C@H](O)[C@@H](O)[C@@H]1O,19.597946
452,0.021029761,2.513239,[H]C(CCCCCCCCCCCCC)=C([H])[C@@]([H])(O)[C@]([H])(CO[C@]1([H])O[C@]([H])(CO)[C@@]([H])(O[C@]2([H])O[C@]([H])(CO)[C@]([H])(O[C@@]3([H])O[C@]([H])(CO)[C@]([H])(O)[C@]([H])(O)[C@@]3([H])O)[C@]([H])(O)[C@@]2([H])O)[C@]([H])(O)[C@@]1([H])O)N=C(C)O,354.44672
453,-1.8022207,0.80698115,N[C@@H](CC1=CC(I)=C(OC2=CC(I)=C(O[C@@H]3O[C@@H]([C@@H](O)[C@H](O)[C@H]3O)C(O)=O)C=C2)C(I)=C1)C(O)=O,4.1240196
454,-1.1959112,1.457955,OC(=O)CN(CC(O)=O)C1=C(OCCOC2=C(C=C3OC(=CC3=C2)C2=NC=C(O2)C(O)=O)N(CC(O)=O)CC(O)=O)C=C(CCC(=O)N2CCN(CC(O)=O)CC2)C=C1,15.57605
455,-0.35267463,2.9010987,CC1C2CCC(C)CN2C2CC3C4CC=C5CC(CCC5(C)C4CCC3(C)C12)OC1OCC(OC2OCC(OC3OC(CO)C(O)C(O)C3O)C(O)C2O)C(O)C1O,145.6355
456,-0.9141635,0.5834008,CCC(=O)SCCNC(=O)CCNC(=O)[C@H](O)C(C)(C)COP(O)(=O)OP(O)(=O)OC[C@H]1O[C@H]([C@H](O)[C@@H]1OP(O)(O)=O)N1C=NC2=C1N=CN=C2N,10.59758
457,-0.94356835,0.62419415,CC(C)(COP(O)(=O)OP(O)(=O)OC[C@H]1O[C@H]([C@H](O)[C@@H]1OP(O)(O)=O)N1C=NC2=C1N=CN=C2N)[C@@H](O)C(=O)NCCC(=O)NCCSC(=O)C=C,7.1790085
458,-1.7036395,0.7736568,CC(=O)N(CC(O)CO)C1=C(I)C(C(=O)NCC(O)CO)=C(I)C(C(=O)NCC(O)CO)=C1I,142.89215
459,-1.669983,2.496973,[H][C@]1(O[C@@](C[C@H](O)[C@H]1NC(C)=O)(O[C@H]1[C@@H](O)[C@@H](CO)O[C@@H](O[C@H]([C@@H](NC(C)=O)C=O)[C@H](O[C@@H]2O[C@@H](C)[C@@H](O)[C@@H](O)[C@@H]2O)[C@H](O)CO)[C@@H]1O)C(O)=O)[C@H](O)[C@H](O)CO,51.43695
460,-1.6707765,2.494376,[H][C@]1(O[C@@](C[C@H](O)[C@H]1NC(C)=O)(O[C@H]1[C@@H](O)[C@@H](CO)O[C@@H](O[C@H]([C@H](O)CO)[C@H](O[C@@H]2O[C@@H](C)[C@@H](O)[C@@H](O)[C@@H]2O)[C@@H](NC(C)=O)C=O)[C@@H]1O)C(O)=O)[C@H](O)[C@H](O)CO,100.719894
461,-1.107231,0.00011695037,OP(O)(=O)O[C@H]1[C@@H](OP(O)(O)=O)[C@@H](OP(O)(O)=O)[C@H](OP(O)(=O)OP(O)(O)=O)[C@@H](OP(O)(=O)OP(O)(O)=O)[C@@H]1OP(O)(O)=O,52.84426
462,-0.34727064,2.832791,CC(C)(O)C(O)CCC(C)(O)C1CCC2(C)C1C(O)CC1C3(C)CCC(OC4OC(CO)C(O)C(O)C4OC4OC(CO)C(O)C(O)C4O)C(C)(C)C3CCC21C,147.56885
463,-0.5964661,2.7904706,COC1C(O)C(OC2CCC3(C)C4CCC5(C)C(CCC5(O)C4CC=C3C2)C(C)OC2OC(CO)C(O)C(O)C2O)OC(C)C1OC1OC(CO)C(O)C(O)C1O,467.6515
464,-0.8411347,2.7967374,CC1OC(OCC2OC(OC(C)(CC3=C(CCC(C)=C3)C(C)=C)C=C)C(OC3OC(C)C(OC4OC(C)C(O)C(O)C4O)C(O)C3O)C(O)C2O)C(O)C(O)C1O,82.67421
465,-1.1368393,2.4351416,COC1=CC(=CC(OC)=C1O)C1=C(OC2OC(CO)C(O)C(O)C2OC2OC(CO)C(O)C(O)C2O)C=C2C(OC3OC(CO)C(O)C(O)C3O)=CC(O)=CC2=[O+]1,44.522438
466,-0.5291945,2.9968588,CC(C)(O)C1CCC(C)(O1)C1CCC2(C)C1C(O)CC1C3(C)CCC(O)C(C)(C)C3C(CC21C)OC1OC(CO)C(O)C(O)C1OC1OC(CO)C(O)C(O)C1O,302.61023
467,-0.4996112,2.9362667,CC(C)(O)\C=C\CC(C)(OC1OC(CO)C(O)C(O)C1O)C1CCC2(C)C1C(O)CC1C3(C)CCC(O)C(C)(C)C3C(CC21C)OC1OC(CO)C(O)C(O)C1O,140.27728
468,-0.362682,2.7616231,CC(C(O)C(O)C(O)C(C)(C)O)C1CCC2(C)C3CC=C4C(CCC(OC5OC(COC6OC(CO)C(O)C(O)C6O)C(O)C(O)C5O)C4(C)C)C3(C)CCC12C,71.08707
469,0.3014588,1.578572,CCC(C)C(NC(=O)C(CC1=CC=C(O)C=C1)NC(=O)C1CCCN1C(=O)C(CCCN=C(N)N)NC(=O)C(N)CCCN=C(N)N)C(=O)NC(CC(C)C)C(O)=O,238.49646
470,-1.0894085,2.4008105,CC(=O)OCC1OC(OC2=C(OC3=CC(OC4OC(CO)C(O)C(O)C4O)=CC(O)=C3C2=O)C2=CC=C(O)C=C2)C(OC2OC(CO)C(O)C(O)C2O)C(O)C1O,25.908432
471,-1.7276692,2.1547673,O[C@@H]1[C@@H](O)[C@H](O[C@@H]2[C@@H](O)[C@H](O)[C@H](O[C@H]2OC2=CC(O)=C3C(=O)C=C(OC3=C2)C2=CC(O)=C(O[C@@H]3O[C@@H]([C@@H](O)[C@H](O)[C@H]3O)C(O)=O)C=C2)C(O)=O)O[C@@H]([C@H]1O)C(O)=O,12.165291
472,0.43129736,1.6517465,NC(N)=NCCCC1NC(=O)C(CC2=CC=CC=C2)NC(=O)C2CCCN2C(=O)CCC(=O)NCCCCC(NC(=O)C(CC2=CNC3=CC=CC=C23)NC1=O)C(N)=O,602.25116
473,0.06447332,1.7998353,COC(CC1=CC=CC=C1)C(C)C=C(C)C=CC1NC(=O)C(CCCN=C(N)N)NC(=O)C(C)C(NC(=O)C(NC(=O)CCC(NC(=O)C1C)C(O)=O)=CC)C(O)=O,259.7414
474,-0.9589944,0.59993654,CC(=O)SCCNC(=O)CCNC(=O)[C@H](O)C(C)(C)COP(O)(=O)OP(O)(=O)OC[C@H]1O[C@H]([C@H](O)[C@@H]1OP(O)(O)=O)N1C=NC2=C1N=CN=C2N,7.9003296
475,-0.88265306,0.6835615,CC(=O)SCCNC(=O)CCNC(=O)C(O)C(C)(C)COP(O)(=O)OP(O)(=O)OCC1OC(C(O)C1OP(O)(O)=O)N1C=NC2=C(N)N=CN=C12,1.829071
476,-0.9967146,2.3052568,COC1=CC=C(C=C1)C1=C(OC2OC(C)C(O)C(O)C2OC2OCC(O)C(O)C2O)C(=O)C2=C(O)C=C(OC3OC(CO)C(O)C(O)C3O)C(CC=C(C)C)=C2O1,166.63795
477,-0.6984724,3.3192458,CC(O)COCC1OC(OC2C(COCC(C)O)OC(OCC(C)O)C(OCC(C)O)C2OCC(C)O)C(OCC(C)O)C(OCC(C)O)C1OCC(C)O,515.2245
478,-1.4504924,2.783488,[H][C@@]1(O[C@@H]2[C@@H](O)[C@H](O)[C@@H](CO)O[C@@]2([H])O[C@@]23C[C@]4(CC2=C)CC[C@]2([H])[C@@](C)(CCC[C@@]2(C)[C@]4([H])CC3)C(=O)O[C@@H]2O[C@H](CO)[C@@H](O)[C@H](O)[C@H]2O)O[C@H](CO)[C@@H](O)[C@H](O)[C@H]1O,68.77527
479,-0.64104164,2.7332273,CC12CCCC(C)(C1CCC13CC(=C)C(C1)(CCC23)OC1OC(CO)C(O)C(OC2OC(CO)C(O)C(O)C2O)C1OC1OC(CO)C(O)C(O)C1O)C(O)=O,65.82132
480,-0.44031036,2.9420373,CC(O)(CO)C1CCC(C)(O1)C1CCC2(C)C1C(O)CC1C3(C)CCC(O)C(C)(C)C3C(CC21C)OC1OC(CO)C(O)C(O)C1OC1OCC(O)C(O)C1O,134.86682
481,-1.5443133,2.043595,COC1=C(O)C=CC(=C1)C1=C(O[C@@H]2O[C@H](CO[C@@H]3O[C@H](CO)[C@@H](O)[C@H](O)[C@H]3O)[C@@H](O)[C@H](O)[C@H]2O[C@@H]2OC[C@](O)(CO)[C@H]2O)C(=O)C2=C(O1)C=C(O)C(OC)=C2O,60.83947
482,-1.1351126,2.4345446,COC1=CC(=CC=C1O)C1=C(OC2OC(CO)C(O)C(O)C2OC2OC(CO)C(O)C(O)C2O)C(=O)C2=C(O)C=C(OC3OC(CO)C(O)C(O)C3O)C=C2O1,61.376076
483,-1.2006978,2.3459458,OCC1OC(OC2=C(OC3OC(C(O)C(O)C3O)C(O)=O)C=C3OC(C4=CC=C(O)C=C4)=C(OC4OC(CO)C(O)C(O)C4O)C(=O)C3=C2O)C(O)C(O)C1O,4.652275
484,-1.1635859,2.3780792,OCC1OC(OC2C(O)C(O)C(CO)OC2OC2=C(OC3=CC(OC4OC(C(O)C(O)C4O)C(O)=O)=CC(O)=C3C2=O)C2=CC(O)=C(O)C=C2)C(O)C(O)C1O,2.758873
485,-1.1266662,2.3781362,CC(=O)OCC1OC(OC2=CC(O)=CC3=[O+]C(=C(OC4OC(CO)C(O)C(O)C4OC4OCC(O)C(O)C4O)C=C23)C2=CC(O)=C(O)C(O)=C2)C(O)C(O)C1O,2.623703
486,-1.5083297,0.6903427,CC1=C(C)C(O)=C2N=C3C(=O)NC(=O)N=C3N(C[C@H](O)[C@H](O)[C@H](O)COP(O)(=O)OP(O)(=O)OC[C@H]3O[C@H]([C@H](O)[C@@H]3O)N3C=NC4=C(N)N=CN=C34)C2=C1,53.755714
487,0.42897028,1.8740392,CCCCC(C)C(OC(=O)CC(CC(O)=O)C(O)=O)C(CC(C)CC(O)CCCCC(O)CC(O)C(C)[N+]1=CC=CC(O)=C1)OC(=O)CC(CC(O)=O)C(O)=O,74.55322
488,-1.2437098,2.0658586,OC1C(COC(=O)CC(O)=O)OC(OC2=CC(O)=CC3=[O+]C(=C(OC4OC(COC(=O)CC(O)=O)C(O)C(O)C4O)C=C23)C2=CC(O)=C(O)C(O)=C2)C(O)C1O,26.04293
489,-1.1797817,2.281238,OC1C(O)C(OC2C(O)C(O)C(OC2OC2=CC(O)=C3C(=O)C=C(OC3=C2)C2=CC=C(OC3OC(C(O)C(O)C3O)C(O)=O)C=C2)C(O)=O)OC(C1O)C(O)=O,22.754288
490,-1.6629986,1.980862,OC[C@H]1O[C@@H](OC2=CC(O)=C3C[C@@H](OC(=O)C4=CC(O)=C(O[C@@H]5O[C@@H]([C@@H](O)[C@H](O)[C@H]5O)C(O)=O)C(O)=C4)[C@H](OC3=C2)C2=CC(O)=C(O)C(O)=C2)[C@H](O)[C@@H](O)[C@@H]1O,97.11359
491,-0.8964224,0.62559247,CC(C)(COP(O)(=O)OP(O)(=O)OC[C@H]1O[C@H]([C@H](O)[C@@H]1OP(O)(O)=O)N1C=NC2=C1N=CN=C2N)C(O)C(=O)NCCC(=O)NCCSC=O,19.83229
492,-0.79758066,2.8157032,C\C(CC\C=C(/C)COC1OC(CO)C(O)C(O)C1OC1OC(CO)C(O)C(O)C1O)=C\CC\C(C)=C\CCC(C)(OC1OC(CO)C(O)C(O)C1O)C=C,262.1715
493,0.190808,1.4419495,NC(CCC(N)=O)C(=O)NC(CC(N)=O)C(=O)NC(CSSCC(N)C(O)=O)C(=O)N1CCCC1C(=O)NC(CCCN=C(N)N)C(=O)NCC(N)=O,183.79062
494,-1.682667,0.67309576,CC(=O)N(CCO)C1=C(I)C(C(=O)NCC(O)CO)=C(I)C(C(=O)NCC(O)CO)=C1I,7.2128935
495,-1.6462514,0.72856855,COCC(O)=NC1=C(I)C(C(O)=NCC(O)CO)=C(I)C(C(=O)N(C)CC(O)CO)=C1I,33.04546
496,-1.2894691,0.46132296,O[C@H]1[C@@H](O)[C@@H](O[C@@H]1COP(O)(=O)OP(O)(=O)OP(O)(=O)OP(O)(=O)OC[C@H]1O[C@H]([C@H](O)[C@@H]1O)N1C=CC(=O)NC1=O)N1C=CC(=O)NC1=O,28.38205
497,0.3574075,1.6709555,CCC(C)C(NC(=O)C1CCCN1C(=O)CNC(=O)C1CCCN1C(=O)C(CC1=CC=CC=C1)NC(=O)C1CCCN1C(=O)C(N)CC1=CC=C(O)C=C1)C(O)=O,278.65155
498,-1.1571285,2.4673572,OCC1OC(OC2C(OC3=C([O+]=C4C=C(O)C=C(OC5OC(CO)C(O)C(O)C5O)C4=C3)C3=CC(O)=C(O)C(O)=C3)OC(CO)C(O)C2O)C(O)C(O)C1O,41.018448
499,-0.63482875,1.3632782,[H][C@]1(C=CCN1C(=O)[C@H]1NC(=O)[C@@H](NC(=O)[C@@H](NC)[C@@H](O)C2=CC(Cl)=C(O)C(O[C@]1(C)CC)=C2)C(C)=C)C(=O)N\C(=C(/C)CC)C(=O)N\C(=C\C(O)=O)C(O)=O,5.131653
